2026-06-15 05:35:34,688 [INFO] ==================================================
2026-06-15 05:35:34,688 [INFO] 合并定投提醒脚本启动 - 20260615
2026-06-15 05:35:34,688 [INFO] 当前北京时间: 2026-06-15 13:35:34
2026-06-15 05:35:34,688 [INFO] ==================================================
2026-06-15 05:35:34,688 [WARNING] 当前北京时间 13:00 不在推送窗口(08:00~11:59)，跳过推送
2026-06-15 05:35:34,688 [INFO] 状态文件已保存: /home/runner/work/auto-invest-reminder/auto-invest-reminder/logs/combined_20260615_status.json
2026-06-15 18:17:03,016 [INFO] ==================================================
2026-06-15 18:17:03,016 [INFO] 合并定投提醒脚本启动 - 20260616
2026-06-15 18:17:03,016 [INFO] 当前北京时间: 2026-06-16 02:17:03
2026-06-15 18:17:03,016 [INFO] ==================================================
2026-06-15 18:17:03,016 [WARNING] 当前北京时间 2:00 不在推送窗口(08:00~11:59)，跳过推送
2026-06-15 18:17:03,017 [INFO] 状态文件已保存: /home/runner/work/auto-invest-reminder/auto-invest-reminder/logs/combined_20260616_status.json
2026-06-15 18:51:44,574 [INFO] ==================================================
2026-06-15 18:51:44,574 [INFO] 合并定投提醒脚本启动 - 20260616
2026-06-15 18:51:44,574 [INFO] 当前北京时间: 2026-06-16 02:51:44
2026-06-15 18:51:44,574 [INFO] ==================================================
2026-06-15 18:51:44,574 [WARNING] 当前北京时间 2:00 不在推送窗口(08:00~11:59)，跳过推送
2026-06-15 18:51:44,575 [INFO] 状态文件已保存: /home/runner/work/auto-invest-reminder/auto-invest-reminder/logs/combined_20260616_status.json
2026-06-18 11:52:22,198 [INFO] ==================================================
2026-06-18 11:52:22,198 [INFO] 合并定投提醒脚本启动 - 20260618
2026-06-18 11:52:22,198 [INFO] 当前北京时间: 2026-06-18 19:52:22
2026-06-18 11:52:22,198 [INFO] ==================================================
2026-06-18 11:52:22,198 [INFO] --- 获取 515450 ETF 数据 ---
2026-06-18 11:52:24,580 [INFO] 515450红利低波50ETF 数据获取成功，共 1530 条记录（第 1 次尝试）
2026-06-18 11:52:24,582 [INFO] 指标计算完成: 当前价格=1.39元, 250日均线=1.43元, 偏离度=-3.09%
2026-06-18 11:52:24,582 [INFO] 515450红利低波50ETF 分析完成: 价格显著低于均线，定投良机
2026-06-18 11:52:24,582 [INFO] --- 获取纳斯达克100指数数据 ---
2026-06-18 11:52:25,015 [INFO] 纳斯达克100指数 数据获取成功，共 3101 条记录（第 1 次尝试）
2026-06-18 11:52:25,016 [INFO] 指标计算完成: 当前价格=29670.95点, 200日均线=25795.98点, 偏离度=+15.02%
2026-06-18 11:52:25,017 [INFO] nasdaq_valuation_fetcher 模块不可用，尝试蛋卷基金API...
2026-06-18 11:52:25,017 [DEBUG] 请求蛋卷API: https://danjuanfunds.com/djapi/index_eva/pe_history/NDX?day=10y
2026-06-18 11:52:25,668 [INFO] 蛋卷 NDX PE 获取成功, 0 条记录, 当前值=None
2026-06-18 11:52:25,669 [DEBUG] 请求蛋卷API: https://danjuanfunds.com/djapi/index_eva/pb_history/NDX?day=10y
2026-06-18 11:52:26,336 [INFO] 蛋卷 NDX PB 获取成功, 0 条记录, 当前值=None
2026-06-18 11:52:26,337 [INFO] 纳斯达克100指数 分析完成: 价格显著高于均线，考虑减仓
2026-06-18 11:52:26,337 [INFO] 推送消息已构建
2026-06-18 11:52:26,337 [DEBUG] 消息内容:
【Trae】定投偏离度 - 2026-06-17

### 515450红利低波50ETF

- 当前价格：1.39元
- 250日均线：1.43元
- 偏离度：-3.1%
- 状态：价格显著低于均线，定投良机
- 建议：定投买入
---
### 纳斯达克100指数

- 当前价格：29670.95点
- 200日均线：25795.98点
- 偏离度：+15.0%
- 近1年最高：30660.6点
- 回撤幅度：-3.2%
- PE：None（近10年 None% 百分位）
- PB：None（近10年 None% 百分位）
- 状态：价格显著高于均线，考虑减仓
- 建议：持有不动

> 纳斯达克100每年都会有15%~20%的回撤，只有超过这个幅度的回撤才考虑加仓
============================================================
日志备用渠道 - 2026-06-18T19:52:26.337777+08:00
============================================================
[515450ETF] 日期=2026-06-17, 价格=1.39元, 均线=1.43元, 偏离度=-3.09%, 状态=价格显著低于均线，定投良机, 建议=定投买入
[纳斯达克100] 日期=2026-06-17, 价格=29670.95点, 均线=25795.98点, 偏离度=15.02%, 近1年最高=30660.6点, 回撤=-3.23%, PE=None(None%), PB=None(None%), 评级=未知, 状态=价格显著高于均线，考虑减仓, 建议=持有不动

2026-06-18 11:52:26,337 [INFO] 日志备用渠道已记录
2026-06-18 11:52:26,337 [INFO] PushDeer 推送中...（第 1 次尝试）
2026-06-18 11:52:27,699 [DEBUG] PushDeer HTTP状态: 200
2026-06-18 11:52:27,699 [DEBUG] PushDeer 原始响应: {"code":0,"content":{"result":["{\"counts\":1,\"logs\":[],\"success\":\"ok\"}"]}}
2026-06-18 11:52:27,699 [INFO] PushDeer 返回 code=0, content={"result": ["{\"counts\":1,\"logs\":[],\"success\":\"ok\"}"]}
2026-06-18 11:52:27,699 [INFO] PushDeer 推送成功
2026-06-18 11:52:27,700 [INFO] 状态文件已保存: /home/runner/work/auto-invest-reminder/auto-invest-reminder/logs/combined_20260618_status.json
2026-06-18 11:52:27,700 [INFO] ==================================================
2026-06-18 11:52:27,700 [INFO] 脚本执行完成 - 成功
2026-06-18 11:52:27,701 [INFO] 摘要: ETF: 成功 | 纳斯达克: 成功 | 推送: 成功
2026-06-18 11:52:27,701 [INFO] ==================================================
2026-06-23 07:45:26,155 [INFO] ==================================================
2026-06-23 07:45:26,155 [INFO] 合并定投提醒脚本启动 - 20260623
2026-06-23 07:45:26,155 [INFO] 当前北京时间: 2026-06-23 15:45:26
2026-06-23 07:45:26,155 [INFO] ==================================================
2026-06-23 07:45:26,155 [INFO] --- 获取 515450 ETF 数据 ---
2026-06-23 07:45:28,215 [INFO] 515450红利低波50ETF 数据获取成功，共 1532 条记录（第 1 次尝试）
2026-06-23 07:45:28,216 [INFO] 指标计算完成: 当前价格=1.36元, 250日均线=1.43元, 偏离度=-4.79%
2026-06-23 07:45:28,216 [INFO] 515450红利低波50ETF 分析完成: 价格显著低于均线，定投良机
2026-06-23 07:45:28,216 [INFO] --- 获取纳斯达克100指数数据 ---
2026-06-23 07:45:28,425 [INFO] 纳斯达克100指数 数据获取成功，共 3103 条记录（第 1 次尝试）
2026-06-23 07:45:28,427 [INFO] 指标计算完成: 当前价格=30347.08点, 200日均线=25866.52点, 偏离度=+17.32%
2026-06-23 07:45:28,427 [INFO] nasdaq_valuation_fetcher 模块不可用，尝试蛋卷基金API...
2026-06-23 07:45:28,427 [DEBUG] 请求蛋卷API: https://danjuanfunds.com/djapi/index_eva/pe_history/NDX?day=all
2026-06-23 07:45:29,355 [INFO] 蛋卷 NDX PE 获取成功, 513 条记录, 当前值=34.9084
2026-06-23 07:45:29,356 [DEBUG] 请求蛋卷API: https://danjuanfunds.com/djapi/index_eva/pb_history/NDX?day=all
2026-06-23 07:45:30,085 [INFO] 蛋卷 NDX PB 获取成功, 513 条记录, 当前值=10.2209
2026-06-23 07:45:30,086 [INFO] 纳斯达克100指数 分析完成: 价格显著高于均线，考虑减仓
2026-06-23 07:45:30,087 [INFO] 推送消息已构建
2026-06-23 07:45:30,087 [DEBUG] 消息内容:
【Trae】定投偏离度 - 2026-06-22

### 515450红利低波50ETF

- 当前价格：1.36元
- 250日均线：1.43元
- 偏离度：-4.8%
- 状态：价格显著低于均线，定投良机
- 建议：定投买入
---
### 纳斯达克100指数

- 当前价格：30347.08点
- 200日均线：25866.52点
- 偏离度：+17.3%
- 近1年最高：30660.6点
- 回撤幅度：-1.0%
- PE：34.91（近10年 70.76% 百分位）
- PB：10.22（近10年 96.1% 百分位）
- 状态：价格显著高于均线，考虑减仓
- 建议：持有不动

> 纳斯达克100每年都会有15%~20%的回撤，只有超过这个幅度的回撤才考虑加仓
============================================================
日志备用渠道 - 2026-06-23T15:45:30.087575+08:00
============================================================
[515450ETF] 日期=2026-06-22, 价格=1.36元, 均线=1.43元, 偏离度=-4.79%, 状态=价格显著低于均线，定投良机, 建议=定投买入
[纳斯达克100] 日期=2026-06-22, 价格=30347.08点, 均线=25866.52点, 偏离度=17.32%, 近1年最高=30660.6点, 回撤=-1.02%, PE=34.91(70.76%), PB=10.22(96.1%), 评级=高估, 状态=价格显著高于均线，考虑减仓, 建议=持有不动

2026-06-23 07:45:30,087 [INFO] 日志备用渠道已记录
2026-06-23 07:45:30,087 [INFO] PushDeer 推送中...（第 1 次尝试）
2026-06-23 07:45:31,510 [DEBUG] PushDeer HTTP状态: 200
2026-06-23 07:45:31,510 [DEBUG] PushDeer 原始响应: {"code":0,"content":{"result":["{\"counts\":1,\"logs\":[],\"success\":\"ok\"}"]}}
2026-06-23 07:45:31,510 [INFO] PushDeer 返回 code=0, content={"result": ["{\"counts\":1,\"logs\":[],\"success\":\"ok\"}"]}
2026-06-23 07:45:31,510 [INFO] PushDeer 推送成功
2026-06-23 07:45:31,512 [INFO] 状态文件已保存: /home/runner/work/auto-invest-reminder/auto-invest-reminder/logs/combined_20260623_status.json
2026-06-23 07:45:31,512 [INFO] ==================================================
2026-06-23 07:45:31,512 [INFO] 脚本执行完成 - 成功
2026-06-23 07:45:31,512 [INFO] 摘要: ETF: 成功 | 纳斯达克: 成功 | 推送: 成功
2026-06-23 07:45:31,512 [INFO] ==================================================
2026-06-23 17:05:26,972 [INFO] ==================================================
2026-06-23 17:05:26,973 [INFO] 合并定投提醒脚本启动 - 20260624
2026-06-23 17:05:26,973 [INFO] 当前北京时间: 2026-06-24 01:05:26
2026-06-23 17:05:26,973 [INFO] ==================================================
2026-06-23 17:05:26,973 [INFO] --- 获取 515450 ETF 数据 ---
2026-06-23 17:05:28,415 [INFO] 515450红利低波50ETF 数据获取成功，共 1533 条记录（第 1 次尝试）
2026-06-23 17:05:28,416 [INFO] 指标计算完成: 当前价格=1.36元, 250日均线=1.43元, 偏离度=-4.90%
2026-06-23 17:05:28,416 [INFO] 515450红利低波50ETF 分析完成: 价格显著低于均线，定投良机
2026-06-23 17:05:28,416 [INFO] --- 获取纳斯达克100指数数据 ---
2026-06-23 17:05:28,817 [INFO] 纳斯达克100指数 数据获取成功，共 3103 条记录（第 1 次尝试）
2026-06-23 17:05:28,819 [INFO] 指标计算完成: 当前价格=30347.08点, 200日均线=25866.52点, 偏离度=+17.32%
2026-06-23 17:05:28,819 [INFO] nasdaq_valuation_fetcher 模块不可用，尝试蛋卷基金API...
2026-06-23 17:05:28,819 [DEBUG] 请求蛋卷API: https://danjuanfunds.com/djapi/index_eva/pe_history/NDX?day=all
2026-06-23 17:05:29,783 [INFO] 蛋卷 NDX PE 获取成功, 513 条记录, 当前值=34.9084
2026-06-23 17:05:29,784 [DEBUG] 请求蛋卷API: https://danjuanfunds.com/djapi/index_eva/pb_history/NDX?day=all
2026-06-23 17:05:30,713 [INFO] 蛋卷 NDX PB 获取成功, 513 条记录, 当前值=10.2209
2026-06-23 17:05:30,715 [INFO] 纳斯达克100指数 分析完成: 价格显著高于均线，考虑减仓
2026-06-23 17:05:30,715 [INFO] 推送消息已构建
2026-06-23 17:05:30,715 [DEBUG] 消息内容:
【Trae】定投偏离度 - 2026-06-23

### 515450红利低波50ETF

- 当前价格：1.36元
- 250日均线：1.43元
- 偏离度：-4.9%
- 状态：价格显著低于均线，定投良机
- 建议：定投买入
---
### 纳斯达克100指数

- 当前价格：30347.08点
- 200日均线：25866.52点
- 偏离度：+17.3%
- 近1年最高：30660.6点
- 回撤幅度：-1.0%
- PE：34.91（近10年 70.76% 百分位）
- PB：10.22（近10年 96.1% 百分位）
- 状态：价格显著高于均线，考虑减仓
- 建议：持有不动

> 纳斯达克100每年都会有15%~20%的回撤，只有超过这个幅度的回撤才考虑加仓
============================================================
日志备用渠道 - 2026-06-24T01:05:30.715687+08:00
============================================================
[515450ETF] 日期=2026-06-23, 价格=1.36元, 均线=1.43元, 偏离度=-4.9%, 状态=价格显著低于均线，定投良机, 建议=定投买入
[纳斯达克100] 日期=2026-06-22, 价格=30347.08点, 均线=25866.52点, 偏离度=17.32%, 近1年最高=30660.6点, 回撤=-1.02%, PE=34.91(70.76%), PB=10.22(96.1%), 评级=高估, 状态=价格显著高于均线，考虑减仓, 建议=持有不动

2026-06-23 17:05:30,715 [INFO] 日志备用渠道已记录
2026-06-23 17:05:30,715 [INFO] PushDeer 推送中...（第 1 次尝试）
2026-06-23 17:05:32,632 [DEBUG] PushDeer HTTP状态: 200
2026-06-23 17:05:32,632 [DEBUG] PushDeer 原始响应: {"code":0,"content":{"result":["{\"counts\":1,\"logs\":[],\"success\":\"ok\"}"]}}
2026-06-23 17:05:32,632 [INFO] PushDeer 返回 code=0, content={"result": ["{\"counts\":1,\"logs\":[],\"success\":\"ok\"}"]}
2026-06-23 17:05:32,632 [INFO] PushDeer 推送成功
2026-06-23 17:05:32,634 [INFO] 状态文件已保存: /home/runner/work/auto-invest-reminder/auto-invest-reminder/logs/combined_20260624_status.json
2026-06-23 17:05:32,634 [INFO] ==================================================
2026-06-23 17:05:32,634 [INFO] 脚本执行完成 - 成功
2026-06-23 17:05:32,634 [INFO] 摘要: ETF: 成功 | 纳斯达克: 成功 | 推送: 成功
2026-06-23 17:05:32,634 [INFO] ==================================================
2026-06-24 11:25:09,310 [INFO] ==================================================
2026-06-24 11:25:09,310 [INFO] 合并定投提醒脚本启动 - 20260624
2026-06-24 11:25:09,310 [INFO] 当前北京时间: 2026-06-24 19:25:09
2026-06-24 11:25:09,310 [INFO] ==================================================
2026-06-24 11:25:09,311 [INFO] --- 获取 515450 ETF 数据 ---
2026-06-24 11:25:10,975 [INFO] 515450红利低波50ETF 数据获取成功，共 1533 条记录（第 1 次尝试）
2026-06-24 11:25:10,976 [INFO] 指标计算完成: 当前价格=1.36元, 250日均线=1.43元, 偏离度=-4.90%
2026-06-24 11:25:10,976 [INFO] 515450红利低波50ETF 分析完成: 价格显著低于均线，定投良机
2026-06-24 11:25:10,976 [INFO] --- 获取纳斯达克100指数数据 ---
2026-06-24 11:25:11,262 [INFO] 纳斯达克100指数 数据获取成功，共 3104 条记录（第 1 次尝试）
2026-06-24 11:25:11,264 [INFO] 指标计算完成: 当前价格=29347.27点, 200日均线=25895.09点, 偏离度=+13.33%
2026-06-24 11:25:11,264 [INFO] nasdaq_valuation_fetcher 模块不可用，尝试蛋卷基金API...
2026-06-24 11:25:11,264 [DEBUG] 请求蛋卷API: https://danjuanfunds.com/djapi/index_eva/pe_history/NDX?day=all
2026-06-24 11:25:11,828 [INFO] 蛋卷 NDX PE 获取成功, 514 条记录, 当前值=34.0336
2026-06-24 11:25:11,829 [DEBUG] 请求蛋卷API: https://danjuanfunds.com/djapi/index_eva/pb_history/NDX?day=all
2026-06-24 11:25:12,647 [INFO] 蛋卷 NDX PB 获取成功, 514 条记录, 当前值=9.9647
2026-06-24 11:25:12,648 [INFO] 纳斯达克100指数 分析完成: 价格显著高于均线，考虑减仓
2026-06-24 11:25:12,648 [INFO] 推送消息已构建
2026-06-24 11:25:12,648 [DEBUG] 消息内容:
【Trae】定投偏离度 - 2026-06-23

### 515450红利低波50ETF

- 当前价格：1.36元
- 250日均线：1.43元
- 偏离度：-4.9%
- 状态：价格显著低于均线，定投良机
- 建议：定投买入
---
### 纳斯达克100指数

- 当前价格：29347.27点
- 200日均线：25895.09点
- 偏离度：+13.3%
- 近1年最高：30660.6点
- 回撤幅度：-4.3%
- PE：34.03（近10年 64.4% 百分位）
- PB：9.96（近10年 93.77% 百分位）
- 状态：价格显著高于均线，考虑减仓
- 建议：持有不动

> 纳斯达克100每年都会有15%~20%的回撤，只有超过这个幅度的回撤才考虑加仓
============================================================
日志备用渠道 - 2026-06-24T19:25:12.648849+08:00
============================================================
[515450ETF] 日期=2026-06-23, 价格=1.36元, 均线=1.43元, 偏离度=-4.9%, 状态=价格显著低于均线，定投良机, 建议=定投买入
[纳斯达克100] 日期=2026-06-23, 价格=29347.27点, 均线=25895.09点, 偏离度=13.33%, 近1年最高=30660.6点, 回撤=-4.28%, PE=34.03(64.4%), PB=9.96(93.77%), 评级=合理, 状态=价格显著高于均线，考虑减仓, 建议=持有不动

2026-06-24 11:25:12,648 [INFO] 日志备用渠道已记录
2026-06-24 11:25:12,648 [INFO] PushDeer 推送中...（第 1 次尝试）
2026-06-24 11:25:14,075 [DEBUG] PushDeer HTTP状态: 200
2026-06-24 11:25:14,075 [DEBUG] PushDeer 原始响应: {"code":0,"content":{"result":["{\"counts\":1,\"logs\":[],\"success\":\"ok\"}"]}}
2026-06-24 11:25:14,076 [INFO] PushDeer 返回 code=0, content={"result": ["{\"counts\":1,\"logs\":[],\"success\":\"ok\"}"]}
2026-06-24 11:25:14,076 [INFO] PushDeer 推送成功
2026-06-24 11:25:14,077 [INFO] 状态文件已保存: /home/runner/work/auto-invest-reminder/auto-invest-reminder/logs/combined_20260624_status.json
2026-06-24 11:25:14,077 [INFO] ==================================================
2026-06-24 11:25:14,077 [INFO] 脚本执行完成 - 成功
2026-06-24 11:25:14,077 [INFO] 摘要: ETF: 成功 | 纳斯达克: 成功 | 推送: 成功
2026-06-24 11:25:14,077 [INFO] ==================================================
2026-06-24 16:35:18,121 [INFO] ==================================================
2026-06-24 16:35:18,122 [INFO] 合并定投提醒脚本启动 - 20260625
2026-06-24 16:35:18,122 [INFO] 当前北京时间: 2026-06-25 00:35:18
2026-06-24 16:35:18,122 [INFO] ==================================================
2026-06-24 16:35:18,122 [INFO] --- 获取 515450 ETF 数据 ---
2026-06-24 16:35:19,646 [INFO] 515450红利低波50ETF 数据获取成功，共 1534 条记录（第 1 次尝试）
2026-06-24 16:35:19,647 [INFO] 指标计算完成: 当前价格=1.34元, 250日均线=1.43元, 偏离度=-6.13%
2026-06-24 16:35:19,647 [INFO] 515450红利低波50ETF 分析完成: 价格显著低于均线，定投良机
2026-06-24 16:35:19,647 [INFO] --- 获取纳斯达克100指数数据 ---
2026-06-24 16:35:19,921 [INFO] 纳斯达克100指数 数据获取成功，共 3104 条记录（第 1 次尝试）
2026-06-24 16:35:19,922 [INFO] 指标计算完成: 当前价格=29347.27点, 200日均线=25895.09点, 偏离度=+13.33%
2026-06-24 16:35:19,923 [INFO] nasdaq_valuation_fetcher 模块不可用，尝试蛋卷基金API...
2026-06-24 16:35:19,923 [DEBUG] 请求蛋卷API: https://danjuanfunds.com/djapi/index_eva/pe_history/NDX?day=all
2026-06-24 16:35:20,617 [INFO] 蛋卷 NDX PE 获取成功, 514 条记录, 当前值=34.0336
2026-06-24 16:35:20,618 [DEBUG] 请求蛋卷API: https://danjuanfunds.com/djapi/index_eva/pb_history/NDX?day=all
2026-06-24 16:35:21,402 [INFO] 蛋卷 NDX PB 获取成功, 514 条记录, 当前值=9.9647
2026-06-24 16:35:21,403 [INFO] 纳斯达克100指数 分析完成: 价格显著高于均线，考虑减仓
2026-06-24 16:35:21,403 [INFO] 推送消息已构建
2026-06-24 16:35:21,403 [DEBUG] 消息内容:
【Trae】定投偏离度 - 2026-06-24

### 515450红利低波50ETF

- 当前价格：1.34元
- 250日均线：1.43元
- 偏离度：-6.1%
- 状态：价格显著低于均线，定投良机
- 建议：定投买入
---
### 纳斯达克100指数

- 当前价格：29347.27点
- 200日均线：25895.09点
- 偏离度：+13.3%
- 近1年最高：30660.6点
- 回撤幅度：-4.3%
- PE：34.03（近10年 64.4% 百分位）
- PB：9.96（近10年 93.77% 百分位）
- 状态：价格显著高于均线，考虑减仓
- 建议：持有不动

> 纳斯达克100每年都会有15%~20%的回撤，只有超过这个幅度的回撤才考虑加仓
============================================================
日志备用渠道 - 2026-06-25T00:35:21.403875+08:00
============================================================
[515450ETF] 日期=2026-06-24, 价格=1.34元, 均线=1.43元, 偏离度=-6.13%, 状态=价格显著低于均线，定投良机, 建议=定投买入
[纳斯达克100] 日期=2026-06-23, 价格=29347.27点, 均线=25895.09点, 偏离度=13.33%, 近1年最高=30660.6点, 回撤=-4.28%, PE=34.03(64.4%), PB=9.96(93.77%), 评级=合理, 状态=价格显著高于均线，考虑减仓, 建议=持有不动

2026-06-24 16:35:21,403 [INFO] 日志备用渠道已记录
2026-06-24 16:35:21,404 [INFO] PushDeer 推送中...（第 1 次尝试）
2026-06-24 16:35:24,016 [DEBUG] PushDeer HTTP状态: 200
2026-06-24 16:35:24,016 [DEBUG] PushDeer 原始响应: {"code":0,"content":{"result":["{\"counts\":1,\"logs\":[],\"success\":\"ok\"}"]}}
2026-06-24 16:35:24,016 [INFO] PushDeer 返回 code=0, content={"result": ["{\"counts\":1,\"logs\":[],\"success\":\"ok\"}"]}
2026-06-24 16:35:24,016 [INFO] PushDeer 推送成功
2026-06-24 16:35:24,018 [INFO] 状态文件已保存: /home/runner/work/auto-invest-reminder/auto-invest-reminder/logs/combined_20260625_status.json
2026-06-24 16:35:24,018 [INFO] ==================================================
2026-06-24 16:35:24,018 [INFO] 脚本执行完成 - 成功
2026-06-24 16:35:24,018 [INFO] 摘要: ETF: 成功 | 纳斯达克: 成功 | 推送: 成功
2026-06-24 16:35:24,018 [INFO] ==================================================
2026-06-26 11:20:37,902 [INFO] ==================================================
2026-06-26 11:20:37,902 [INFO] 合并定投提醒脚本启动 - 20260626
2026-06-26 11:20:37,902 [INFO] 当前北京时间: 2026-06-26 19:20:37
2026-06-26 11:20:37,902 [INFO] ==================================================
2026-06-26 11:20:37,902 [INFO] --- 获取 515450 ETF 数据 ---
2026-06-26 11:20:41,364 [INFO] 515450红利低波50ETF 数据获取成功，共 1535 条记录（第 1 次尝试）
2026-06-26 11:20:41,365 [INFO] 指标计算完成: 当前价格=1.33元, 250日均线=1.43元, 偏离度=-6.80%
2026-06-26 11:20:41,365 [INFO] 515450红利低波50ETF 分析完成: 价格显著低于均线，定投良机
2026-06-26 11:20:41,365 [INFO] --- 获取纳斯达克100指数数据 ---
2026-06-26 11:20:41,565 [INFO] 纳斯达克100指数 数据获取成功，共 3106 条记录（第 1 次尝试）
2026-06-26 11:20:41,567 [INFO] 指标计算完成: 当前价格=29440.32点, 200日均线=25951.32点, 偏离度=+13.44%
2026-06-26 11:20:41,567 [INFO] nasdaq_valuation_fetcher 模块不可用，尝试蛋卷基金API...
2026-06-26 11:20:41,567 [DEBUG] 请求蛋卷API: https://danjuanfunds.com/djapi/index_eva/pe_history/NDX?day=all
2026-06-26 11:20:42,326 [INFO] 蛋卷 NDX PE 获取成功, 513 条记录, 当前值=32.9845
2026-06-26 11:20:42,327 [DEBUG] 请求蛋卷API: https://danjuanfunds.com/djapi/index_eva/pb_history/NDX?day=all
2026-06-26 11:20:43,113 [INFO] 蛋卷 NDX PB 获取成功, 513 条记录, 当前值=9.7978
2026-06-26 11:20:43,114 [INFO] 纳斯达克100指数 分析完成: 价格显著高于均线，考虑减仓
2026-06-26 11:20:43,115 [INFO] 推送消息已构建
2026-06-26 11:20:43,115 [DEBUG] 消息内容:
【Trae】定投偏离度 - 2026-06-25

### 515450红利低波50ETF

- 当前价格：1.33元
- 250日均线：1.43元
- 偏离度：-6.8%
- 状态：价格显著低于均线，定投良机
- 建议：定投买入
---
### 纳斯达克100指数

- 当前价格：29440.32点
- 200日均线：25951.32点
- 偏离度：+13.4%
- 近1年最高：30660.6点
- 回撤幅度：-4.0%
- PE：32.98（近10年 57.12% 百分位）
- PB：9.8（近10年 91.81% 百分位）
- 状态：价格显著高于均线，考虑减仓
- 建议：持有不动

> 纳斯达克100每年都会有15%~20%的回撤，只有超过这个幅度的回撤才考虑加仓
============================================================
日志备用渠道 - 2026-06-26T19:20:43.115219+08:00
============================================================
[515450ETF] 日期=2026-06-25, 价格=1.33元, 均线=1.43元, 偏离度=-6.8%, 状态=价格显著低于均线，定投良机, 建议=定投买入
[纳斯达克100] 日期=2026-06-25, 价格=29440.32点, 均线=25951.32点, 偏离度=13.44%, 近1年最高=30660.6点, 回撤=-3.98%, PE=32.98(57.12%), PB=9.8(91.81%), 评级=合理, 状态=价格显著高于均线，考虑减仓, 建议=持有不动

2026-06-26 11:20:43,115 [INFO] 日志备用渠道已记录
2026-06-26 11:20:43,115 [INFO] PushDeer 推送中...（第 1 次尝试）
2026-06-26 11:20:44,680 [DEBUG] PushDeer HTTP状态: 200
2026-06-26 11:20:44,680 [DEBUG] PushDeer 原始响应: {"code":0,"content":{"result":["{\"counts\":1,\"logs\":[],\"success\":\"ok\"}"]}}
2026-06-26 11:20:44,680 [INFO] PushDeer 返回 code=0, content={"result": ["{\"counts\":1,\"logs\":[],\"success\":\"ok\"}"]}
2026-06-26 11:20:44,681 [INFO] PushDeer 推送成功
2026-06-26 11:20:44,682 [INFO] 状态文件已保存: /home/runner/work/auto-invest-reminder/auto-invest-reminder/logs/combined_20260626_status.json
2026-06-26 11:20:44,682 [INFO] ==================================================
2026-06-26 11:20:44,682 [INFO] 脚本执行完成 - 成功
2026-06-26 11:20:44,682 [INFO] 摘要: ETF: 成功 | 纳斯达克: 成功 | 推送: 成功
2026-06-26 11:20:44,682 [INFO] ==================================================
2026-06-27 09:33:28,384 [INFO] ==================================================
2026-06-27 09:33:28,384 [INFO] 合并定投提醒脚本启动 - 20260627
2026-06-27 09:33:28,384 [INFO] 当前北京时间: 2026-06-27 17:33:28
2026-06-27 09:33:28,384 [INFO] ==================================================
2026-06-27 09:33:28,384 [INFO] --- 获取 515450 ETF 数据 ---
2026-06-27 09:33:31,017 [INFO] 515450红利低波50ETF 数据获取成功，共 1536 条记录（第 1 次尝试）
2026-06-27 09:33:31,019 [INFO] 指标计算完成: 当前价格=1.32元, 250日均线=1.43元, 偏离度=-7.74%
2026-06-27 09:33:31,019 [INFO] 515450红利低波50ETF 分析完成: 价格显著低于均线，定投良机
2026-06-27 09:33:31,019 [INFO] --- 获取纳斯达克100指数数据 ---
2026-06-27 09:33:31,147 [INFO] 纳斯达克100指数 数据获取成功，共 3107 条记录（第 1 次尝试）
2026-06-27 09:33:31,149 [INFO] 指标计算完成: 当前价格=29118.24点, 200日均线=25977.71点, 偏离度=+12.09%
2026-06-27 09:33:31,149 [INFO] nasdaq_valuation_fetcher 模块不可用，尝试蛋卷基金API...
2026-06-27 09:33:31,149 [DEBUG] 请求蛋卷API: https://danjuanfunds.com/djapi/index_eva/pe_history/NDX?day=all
2026-06-27 09:33:31,800 [INFO] 蛋卷 NDX PE 获取成功, 513 条记录, 当前值=32.7816
2026-06-27 09:33:31,801 [DEBUG] 请求蛋卷API: https://danjuanfunds.com/djapi/index_eva/pb_history/NDX?day=all
2026-06-27 09:33:32,448 [INFO] 蛋卷 NDX PB 获取成功, 513 条记录, 当前值=9.7376
2026-06-27 09:33:32,449 [INFO] 纳斯达克100指数 分析完成: 价格显著高于均线，考虑减仓
2026-06-27 09:33:32,450 [INFO] 推送消息已构建
2026-06-27 09:33:32,450 [DEBUG] 消息内容:
【Trae】定投偏离度 - 2026-06-26

### 515450红利低波50ETF

- 当前价格：1.32元
- 250日均线：1.43元
- 偏离度：-7.7%
- 状态：价格显著低于均线，定投良机
- 建议：定投买入
---
### 纳斯达克100指数

- 当前价格：29118.24点
- 200日均线：25977.71点
- 偏离度：+12.1%
- 近1年最高：30660.6点
- 回撤幅度：-5.0%
- PE：32.78（近10年 56.14% 百分位）
- PB：9.74（近10年 91.03% 百分位）
- 状态：价格显著高于均线，考虑减仓
- 建议：持有不动

> 纳斯达克100每年都会有15%~20%的回撤，只有超过这个幅度的回撤才考虑加仓
============================================================
日志备用渠道 - 2026-06-27T17:33:32.450382+08:00
============================================================
[515450ETF] 日期=2026-06-26, 价格=1.32元, 均线=1.43元, 偏离度=-7.74%, 状态=价格显著低于均线，定投良机, 建议=定投买入
[纳斯达克100] 日期=2026-06-26, 价格=29118.24点, 均线=25977.71点, 偏离度=12.09%, 近1年最高=30660.6点, 回撤=-5.03%, PE=32.78(56.14%), PB=9.74(91.03%), 评级=合理, 状态=价格显著高于均线，考虑减仓, 建议=持有不动

2026-06-27 09:33:32,450 [INFO] 日志备用渠道已记录
2026-06-27 09:33:32,450 [INFO] PushDeer 推送中...（第 1 次尝试）
2026-06-27 09:33:33,812 [DEBUG] PushDeer HTTP状态: 200
2026-06-27 09:33:33,812 [DEBUG] PushDeer 原始响应: {"code":0,"content":{"result":["{\"counts\":1,\"logs\":[],\"success\":\"ok\"}"]}}
2026-06-27 09:33:33,812 [INFO] PushDeer 返回 code=0, content={"result": ["{\"counts\":1,\"logs\":[],\"success\":\"ok\"}"]}
2026-06-27 09:33:33,812 [INFO] PushDeer 推送成功
2026-06-27 09:33:33,813 [INFO] 状态文件已保存: /home/runner/work/auto-invest-reminder/auto-invest-reminder/logs/combined_20260627_status.json
2026-06-27 09:33:33,813 [INFO] ==================================================
2026-06-27 09:33:33,813 [INFO] 脚本执行完成 - 成功
2026-06-27 09:33:33,813 [INFO] 摘要: ETF: 成功 | 纳斯达克: 成功 | 推送: 成功
2026-06-27 09:33:33,814 [INFO] ==================================================
2026-06-28 10:15:06,235 [INFO] ==================================================
2026-06-28 10:15:06,235 [INFO] 合并定投提醒脚本启动 - 20260628
2026-06-28 10:15:06,235 [INFO] 当前北京时间: 2026-06-28 18:15:06
2026-06-28 10:15:06,235 [INFO] ==================================================
2026-06-28 10:15:06,235 [INFO] --- 获取 515450 ETF 数据 ---
2026-06-28 10:15:09,781 [INFO] 515450红利低波50ETF 数据获取成功，共 1536 条记录（第 1 次尝试）
2026-06-28 10:15:09,782 [INFO] 指标计算完成: 当前价格=1.32元, 250日均线=1.43元, 偏离度=-7.74%
2026-06-28 10:15:09,782 [INFO] 515450红利低波50ETF 分析完成: 价格显著低于均线，定投良机
2026-06-28 10:15:09,782 [INFO] --- 获取纳斯达克100指数数据 ---
2026-06-28 10:15:10,251 [INFO] 纳斯达克100指数 数据获取成功，共 3107 条记录（第 1 次尝试）
2026-06-28 10:15:10,252 [INFO] 指标计算完成: 当前价格=29118.24点, 200日均线=25977.71点, 偏离度=+12.09%
2026-06-28 10:15:10,252 [INFO] nasdaq_valuation_fetcher 模块不可用，尝试蛋卷基金API...
2026-06-28 10:15:10,253 [DEBUG] 请求蛋卷API: https://danjuanfunds.com/djapi/index_eva/pe_history/NDX?day=all
2026-06-28 10:15:10,949 [INFO] 蛋卷 NDX PE 获取成功, 513 条记录, 当前值=32.7816
2026-06-28 10:15:10,950 [DEBUG] 请求蛋卷API: https://danjuanfunds.com/djapi/index_eva/pb_history/NDX?day=all
2026-06-28 10:15:11,707 [INFO] 蛋卷 NDX PB 获取成功, 513 条记录, 当前值=9.7376
2026-06-28 10:15:11,708 [INFO] 纳斯达克100指数 分析完成: 价格显著高于均线，考虑减仓
2026-06-28 10:15:11,709 [INFO] 推送消息已构建
2026-06-28 10:15:11,709 [DEBUG] 消息内容:
【Trae】定投偏离度 - 2026-06-26

### 515450红利低波50ETF

- 当前价格：1.32元
- 250日均线：1.43元
- 偏离度：-7.7%
- 状态：价格显著低于均线，定投良机
- 建议：定投买入
---
### 纳斯达克100指数

- 当前价格：29118.24点
- 200日均线：25977.71点
- 偏离度：+12.1%
- 近1年最高：30660.6点
- 回撤幅度：-5.0%
- PE：32.78（近10年 56.14% 百分位）
- PB：9.74（近10年 91.03% 百分位）
- 状态：价格显著高于均线，考虑减仓
- 建议：持有不动

> 纳斯达克100每年都会有15%~20%的回撤，只有超过这个幅度的回撤才考虑加仓
============================================================
日志备用渠道 - 2026-06-28T18:15:11.709366+08:00
============================================================
[515450ETF] 日期=2026-06-26, 价格=1.32元, 均线=1.43元, 偏离度=-7.74%, 状态=价格显著低于均线，定投良机, 建议=定投买入
[纳斯达克100] 日期=2026-06-26, 价格=29118.24点, 均线=25977.71点, 偏离度=12.09%, 近1年最高=30660.6点, 回撤=-5.03%, PE=32.78(56.14%), PB=9.74(91.03%), 评级=合理, 状态=价格显著高于均线，考虑减仓, 建议=持有不动

2026-06-28 10:15:11,709 [INFO] 日志备用渠道已记录
2026-06-28 10:15:11,709 [INFO] PushDeer 推送中...（第 1 次尝试）
2026-06-28 10:15:14,088 [DEBUG] PushDeer HTTP状态: 200
2026-06-28 10:15:14,088 [DEBUG] PushDeer 原始响应: {"code":0,"content":{"result":["{\"counts\":1,\"logs\":[],\"success\":\"ok\"}"]}}
2026-06-28 10:15:14,088 [INFO] PushDeer 返回 code=0, content={"result": ["{\"counts\":1,\"logs\":[],\"success\":\"ok\"}"]}
2026-06-28 10:15:14,088 [INFO] PushDeer 推送成功
2026-06-28 10:15:14,090 [INFO] 状态文件已保存: /home/runner/work/auto-invest-reminder/auto-invest-reminder/logs/combined_20260628_status.json
2026-06-28 10:15:14,090 [INFO] ==================================================
2026-06-28 10:15:14,090 [INFO] 脚本执行完成 - 成功
2026-06-28 10:15:14,090 [INFO] 摘要: ETF: 成功 | 纳斯达克: 成功 | 推送: 成功
2026-06-28 10:15:14,090 [INFO] ==================================================
2026-06-29 14:51:49,625 [INFO] ==================================================
2026-06-29 14:51:49,625 [INFO] 合并定投提醒脚本启动 - 20260629
2026-06-29 14:51:49,625 [INFO] 当前北京时间: 2026-06-29 22:51:49
2026-06-29 14:51:49,625 [INFO] ==================================================
2026-06-29 14:51:49,626 [INFO] --- 获取 515450 ETF 数据 ---
2026-06-29 14:51:51,092 [INFO] 515450红利低波50ETF 数据获取成功，共 1537 条记录（第 1 次尝试）
2026-06-29 14:51:51,093 [INFO] 指标计算完成: 当前价格=1.33元, 250日均线=1.43元, 偏离度=-6.66%
2026-06-29 14:51:51,093 [INFO] 515450红利低波50ETF 分析完成: 价格显著低于均线，定投良机
2026-06-29 14:51:51,093 [INFO] --- 获取纳斯达克100指数数据 ---
2026-06-29 14:51:51,276 [INFO] 纳斯达克100指数 数据获取成功，共 3107 条记录（第 1 次尝试）
2026-06-29 14:51:51,278 [INFO] 指标计算完成: 当前价格=29118.24点, 200日均线=25977.71点, 偏离度=+12.09%
2026-06-29 14:51:51,278 [INFO] nasdaq_valuation_fetcher 模块不可用，尝试蛋卷基金API...
2026-06-29 14:51:51,278 [DEBUG] 请求蛋卷API: https://danjuanfunds.com/djapi/index_eva/pe_history/NDX?day=all
2026-06-29 14:51:51,905 [INFO] 蛋卷 NDX PE 获取成功, 513 条记录, 当前值=32.7816
2026-06-29 14:51:51,906 [DEBUG] 请求蛋卷API: https://danjuanfunds.com/djapi/index_eva/pb_history/NDX?day=all
2026-06-29 14:51:52,663 [INFO] 蛋卷 NDX PB 获取成功, 513 条记录, 当前值=9.7376
2026-06-29 14:51:52,664 [INFO] 纳斯达克100指数 分析完成: 价格显著高于均线，考虑减仓
2026-06-29 14:51:52,665 [INFO] 推送消息已构建
2026-06-29 14:51:52,665 [DEBUG] 消息内容:
【Trae】定投偏离度 - 2026-06-29

### 515450红利低波50ETF

- 当前价格：1.33元
- 250日均线：1.43元
- 偏离度：-6.7%
- 状态：价格显著低于均线，定投良机
- 建议：定投买入
---
### 纳斯达克100指数

- 当前价格：29118.24点
- 200日均线：25977.71点
- 偏离度：+12.1%
- 近1年最高：30660.6点
- 回撤幅度：-5.0%
- PE：32.78（近10年 56.14% 百分位）
- PB：9.74（近10年 91.03% 百分位）
- 状态：价格显著高于均线，考虑减仓
- 建议：持有不动

> 纳斯达克100每年都会有15%~20%的回撤，只有超过这个幅度的回撤才考虑加仓
============================================================
日志备用渠道 - 2026-06-29T22:51:52.665201+08:00
============================================================
[515450ETF] 日期=2026-06-29, 价格=1.33元, 均线=1.43元, 偏离度=-6.66%, 状态=价格显著低于均线，定投良机, 建议=定投买入
[纳斯达克100] 日期=2026-06-26, 价格=29118.24点, 均线=25977.71点, 偏离度=12.09%, 近1年最高=30660.6点, 回撤=-5.03%, PE=32.78(56.14%), PB=9.74(91.03%), 评级=合理, 状态=价格显著高于均线，考虑减仓, 建议=持有不动

2026-06-29 14:51:52,665 [INFO] 日志备用渠道已记录
2026-06-29 14:51:52,665 [INFO] PushDeer 推送中...（第 1 次尝试）
2026-06-29 14:51:54,424 [DEBUG] PushDeer HTTP状态: 200
2026-06-29 14:51:54,424 [DEBUG] PushDeer 原始响应: {"code":0,"content":{"result":["{\"counts\":1,\"logs\":[],\"success\":\"ok\"}"]}}
2026-06-29 14:51:54,424 [INFO] PushDeer 返回 code=0, content={"result": ["{\"counts\":1,\"logs\":[],\"success\":\"ok\"}"]}
2026-06-29 14:51:54,424 [INFO] PushDeer 推送成功
2026-06-29 14:51:54,426 [INFO] 状态文件已保存: /home/runner/work/auto-invest-reminder/auto-invest-reminder/logs/combined_20260629_status.json
2026-06-29 14:51:54,426 [INFO] ==================================================
2026-06-29 14:51:54,426 [INFO] 脚本执行完成 - 成功
2026-06-29 14:51:54,426 [INFO] 摘要: ETF: 成功 | 纳斯达克: 成功 | 推送: 成功
2026-06-29 14:51:54,426 [INFO] ==================================================
2026-06-30 11:30:07,311 [INFO] ==================================================
2026-06-30 11:30:07,311 [INFO] 合并定投提醒脚本启动 - 20260630
2026-06-30 11:30:07,311 [INFO] 当前北京时间: 2026-06-30 19:30:07
2026-06-30 11:30:07,311 [INFO] ==================================================
2026-06-30 11:30:07,311 [INFO] --- 获取 515450 ETF 数据 ---
2026-06-30 11:30:08,817 [INFO] 515450红利低波50ETF 数据获取成功，共 1537 条记录（第 1 次尝试）
2026-06-30 11:30:08,818 [INFO] 指标计算完成: 当前价格=1.33元, 250日均线=1.43元, 偏离度=-6.66%
2026-06-30 11:30:08,818 [INFO] 515450红利低波50ETF 分析完成: 价格显著低于均线，定投良机
2026-06-30 11:30:08,818 [INFO] --- 获取纳斯达克100指数数据 ---
2026-06-30 11:30:08,988 [INFO] 纳斯达克100指数 数据获取成功，共 3108 条记录（第 1 次尝试）
2026-06-30 11:30:08,989 [INFO] 指标计算完成: 当前价格=29774.75点, 200日均线=26007.34点, 偏离度=+14.49%
2026-06-30 11:30:08,989 [INFO] nasdaq_valuation_fetcher 模块不可用，尝试蛋卷基金API...
2026-06-30 11:30:08,989 [DEBUG] 请求蛋卷API: https://danjuanfunds.com/djapi/index_eva/pe_history/NDX?day=all
2026-06-30 11:30:09,633 [INFO] 蛋卷 NDX PE 获取成功, 513 条记录, 当前值=33.5211
2026-06-30 11:30:09,634 [DEBUG] 请求蛋卷API: https://danjuanfunds.com/djapi/index_eva/pb_history/NDX?day=all
2026-06-30 11:30:10,284 [INFO] 蛋卷 NDX PB 获取成功, 513 条记录, 当前值=9.9572
2026-06-30 11:30:10,285 [INFO] 纳斯达克100指数 分析完成: 价格显著高于均线，考虑减仓
2026-06-30 11:30:10,285 [INFO] 推送消息已构建
2026-06-30 11:30:10,285 [DEBUG] 消息内容:
【Trae】定投偏离度 - 2026-06-29

### 515450红利低波50ETF

- 当前价格：1.33元
- 250日均线：1.43元
- 偏离度：-6.7%
- 状态：价格显著低于均线，定投良机
- 建议：定投买入
---
### 纳斯达克100指数

- 当前价格：29774.75点
- 200日均线：26007.34点
- 偏离度：+14.5%
- 近1年最高：30660.6点
- 回撤幅度：-2.9%
- PE：33.52（近10年 59.84% 百分位）
- PB：9.96（近10年 93.57% 百分位）
- 状态：价格显著高于均线，考虑减仓
- 建议：持有不动

> 纳斯达克100每年都会有15%~20%的回撤，只有超过这个幅度的回撤才考虑加仓
============================================================
日志备用渠道 - 2026-06-30T19:30:10.285983+08:00
============================================================
[515450ETF] 日期=2026-06-29, 价格=1.33元, 均线=1.43元, 偏离度=-6.66%, 状态=价格显著低于均线，定投良机, 建议=定投买入
[纳斯达克100] 日期=2026-06-29, 价格=29774.75点, 均线=26007.34点, 偏离度=14.49%, 近1年最高=30660.6点, 回撤=-2.89%, PE=33.52(59.84%), PB=9.96(93.57%), 评级=合理, 状态=价格显著高于均线，考虑减仓, 建议=持有不动

2026-06-30 11:30:10,286 [INFO] 日志备用渠道已记录
2026-06-30 11:30:10,286 [INFO] PushDeer 推送中...（第 1 次尝试）
2026-06-30 11:30:11,750 [DEBUG] PushDeer HTTP状态: 200
2026-06-30 11:30:11,750 [DEBUG] PushDeer 原始响应: {"code":0,"content":{"result":["{\"counts\":1,\"logs\":[],\"success\":\"ok\"}"]}}
2026-06-30 11:30:11,750 [INFO] PushDeer 返回 code=0, content={"result": ["{\"counts\":1,\"logs\":[],\"success\":\"ok\"}"]}
2026-06-30 11:30:11,750 [INFO] PushDeer 推送成功
2026-06-30 11:30:11,751 [INFO] 状态文件已保存: /home/runner/work/auto-invest-reminder/auto-invest-reminder/logs/combined_20260630_status.json
2026-06-30 11:30:11,751 [INFO] ==================================================
2026-06-30 11:30:11,751 [INFO] 脚本执行完成 - 成功
2026-06-30 11:30:11,751 [INFO] 摘要: ETF: 成功 | 纳斯达克: 成功 | 推送: 成功
2026-06-30 11:30:11,752 [INFO] ==================================================
2026-07-01 01:17:51,995 [INFO] ==================================================
2026-07-01 01:17:51,995 [INFO] 合并定投提醒脚本启动 - 20260701
2026-07-01 01:17:51,995 [INFO] ==================================================
2026-07-01 01:17:51,995 [INFO] --- 获取 515450 ETF 数据 ---
2026-07-01 01:17:55,437 [INFO] 515450红利低波50ETF 数据获取成功，共 1538 条记录（第 1 次尝试）
2026-07-01 01:17:55,438 [INFO] 指标计算完成: 当前价格=1.31元, 250日均线=1.43元, 偏离度=-8.37%
2026-07-01 01:17:55,438 [INFO] 515450红利低波50ETF 分析完成: 价格显著低于均线，定投良机
2026-07-01 01:17:55,439 [INFO] --- 获取纳斯达克100指数数据 ---
2026-07-01 01:17:55,987 [INFO] 纳斯达克100指数 数据获取成功，共 3109 条记录（第 1 次尝试）
2026-07-01 01:17:55,988 [INFO] 指标计算完成: 当前价格=30276.35点, 200日均线=26038.76点, 偏离度=+16.27%
2026-07-01 01:17:55,988 [INFO] nasdaq_valuation_fetcher 模块不可用，尝试蛋卷基金API...
2026-07-01 01:17:55,989 [DEBUG] 请求蛋卷API: https://danjuanfunds.com/djapi/index_eva/pe_history/NDX?day=10y
2026-07-01 01:17:56,792 [INFO] 蛋卷 NDX PE 获取成功, 0 条记录, 当前值=None
2026-07-01 01:17:56,793 [DEBUG] 请求蛋卷API: https://danjuanfunds.com/djapi/index_eva/pb_history/NDX?day=10y
2026-07-01 01:17:57,503 [INFO] 蛋卷 NDX PB 获取成功, 0 条记录, 当前值=None
2026-07-01 01:17:57,504 [INFO] 纳斯达克100指数 分析完成: 价格显著高于均线，考虑减仓
2026-07-01 01:17:57,504 [INFO] 推送消息已构建
2026-07-01 01:17:57,504 [DEBUG] 消息内容:
【Trae】定投偏离度 - 2026-06-30

### 515450红利低波50ETF

- 当前价格：1.31元
- 250日均线：1.43元
- 偏离度：-8.4%
- 状态：价格显著低于均线，定投良机
- 建议：定投买入
---
### 纳斯达克100指数

- 当前价格：30276.35点
- 200日均线：26038.76点
- 偏离度：+16.3%
- 近1年最高：30660.6点
- 回撤幅度：-1.2%
- PE：None（近10年 None% 百分位）
- PB：None（近10年 None% 百分位）
- 状态：价格显著高于均线，考虑减仓
- 建议：持有不动

> 纳斯达克100每年都会有15%~20%的回撤，只有超过这个幅度的回撤才考虑加仓
============================================================
日志备用渠道 - 2026-07-01T09:17:57.504695+08:00
============================================================
[515450ETF] 日期=2026-06-30, 价格=1.31元, 均线=1.43元, 偏离度=-8.37%, 状态=价格显著低于均线，定投良机, 建议=定投买入
[纳斯达克100] 日期=2026-06-30, 价格=30276.35点, 均线=26038.76点, 偏离度=16.27%, 近1年最高=30660.6点, 回撤=-1.25%, PE=None(None%), PB=None(None%), 评级=未知, 状态=价格显著高于均线，考虑减仓, 建议=持有不动

2026-07-01 01:17:57,504 [INFO] 日志备用渠道已记录
2026-07-01 01:17:57,504 [INFO] PushDeer 推送中...（第 1 次尝试）
2026-07-01 01:17:59,140 [INFO] PushDeer 推送成功
2026-07-01 01:17:59,142 [INFO] 状态文件已保存: /home/runner/work/auto-invest-reminder/auto-invest-reminder/logs/combined_20260701_status.json
2026-07-01 01:17:59,142 [INFO] ==================================================
2026-07-01 01:17:59,142 [INFO] 脚本执行完成 - 成功
2026-07-01 01:17:59,142 [INFO] 摘要: ETF: 成功 | 纳斯达克: 成功 | 推送: 成功
2026-07-01 01:17:59,142 [INFO] ==================================================
2026-07-01 11:43:33,559 [INFO] ==================================================
2026-07-01 11:43:33,559 [INFO] 合并定投提醒脚本启动 - 20260701
2026-07-01 11:43:33,559 [INFO] ==================================================
2026-07-01 11:43:33,559 [INFO] --- 获取 515450 ETF 数据 ---
2026-07-01 11:43:35,391 [INFO] 515450红利低波50ETF 数据获取成功，共 1538 条记录（第 1 次尝试）
2026-07-01 11:43:35,392 [INFO] 指标计算完成: 当前价格=1.31元, 250日均线=1.43元, 偏离度=-8.37%
2026-07-01 11:43:35,392 [INFO] 515450红利低波50ETF 分析完成: 价格显著低于均线，定投良机
2026-07-01 11:43:35,392 [INFO] --- 获取纳斯达克100指数数据 ---
2026-07-01 11:43:35,551 [INFO] 纳斯达克100指数 数据获取成功，共 3109 条记录（第 1 次尝试）
2026-07-01 11:43:35,553 [INFO] 指标计算完成: 当前价格=30276.35点, 200日均线=26038.76点, 偏离度=+16.27%
2026-07-01 11:43:35,553 [INFO] nasdaq_valuation_fetcher 模块不可用，尝试蛋卷基金API...
2026-07-01 11:43:35,553 [DEBUG] 请求蛋卷API: https://danjuanfunds.com/djapi/index_eva/pe_history/NDX?day=10y
2026-07-01 11:43:36,366 [INFO] 蛋卷 NDX PE 获取成功, 0 条记录, 当前值=None
2026-07-01 11:43:36,367 [DEBUG] 请求蛋卷API: https://danjuanfunds.com/djapi/index_eva/pb_history/NDX?day=10y
2026-07-01 11:43:37,194 [INFO] 蛋卷 NDX PB 获取成功, 0 条记录, 当前值=None
2026-07-01 11:43:37,195 [INFO] 纳斯达克100指数 分析完成: 价格显著高于均线，考虑减仓
2026-07-01 11:43:37,195 [INFO] 推送消息已构建
2026-07-01 11:43:37,195 [DEBUG] 消息内容:
【Trae】定投偏离度 - 2026-06-30

### 515450红利低波50ETF

- 当前价格：1.31元
- 250日均线：1.43元
- 偏离度：-8.4%
- 状态：价格显著低于均线，定投良机
- 建议：定投买入
---
### 纳斯达克100指数

- 当前价格：30276.35点
- 200日均线：26038.76点
- 偏离度：+16.3%
- 近1年最高：30660.6点
- 回撤幅度：-1.2%
- PE：None（近10年 None% 百分位）
- PB：None（近10年 None% 百分位）
- 状态：价格显著高于均线，考虑减仓
- 建议：持有不动

> 纳斯达克100每年都会有15%~20%的回撤，只有超过这个幅度的回撤才考虑加仓
============================================================
日志备用渠道 - 2026-07-01T19:43:37.195745+08:00
============================================================
[515450ETF] 日期=2026-06-30, 价格=1.31元, 均线=1.43元, 偏离度=-8.37%, 状态=价格显著低于均线，定投良机, 建议=定投买入
[纳斯达克100] 日期=2026-06-30, 价格=30276.35点, 均线=26038.76点, 偏离度=16.27%, 近1年最高=30660.6点, 回撤=-1.25%, PE=None(None%), PB=None(None%), 评级=未知, 状态=价格显著高于均线，考虑减仓, 建议=持有不动

2026-07-01 11:43:37,195 [INFO] 日志备用渠道已记录
2026-07-01 11:43:37,195 [INFO] PushDeer 推送中...（第 1 次尝试）
2026-07-01 11:43:38,909 [INFO] PushDeer 推送成功
2026-07-01 11:43:38,911 [INFO] 状态文件已保存: /home/runner/work/auto-invest-reminder/auto-invest-reminder/logs/combined_20260701_status.json
2026-07-01 11:43:38,911 [INFO] ==================================================
2026-07-01 11:43:38,911 [INFO] 脚本执行完成 - 成功
2026-07-01 11:43:38,911 [INFO] 摘要: ETF: 成功 | 纳斯达克: 成功 | 推送: 成功
2026-07-01 11:43:38,911 [INFO] ==================================================
2026-07-02 10:20:31,426 [INFO] ==================================================
2026-07-02 10:20:31,426 [INFO] 合并定投提醒脚本启动 - 20260702
2026-07-02 10:20:31,426 [INFO] ==================================================
2026-07-02 10:20:31,426 [INFO] --- 获取 515450 ETF 数据 ---
2026-07-02 10:20:33,095 [INFO] 515450红利低波50ETF 数据获取成功，共 1539 条记录（第 1 次尝试）
2026-07-02 10:20:33,096 [INFO] 指标计算完成: 当前价格=1.33元, 250日均线=1.43元, 偏离度=-7.15%
2026-07-02 10:20:33,096 [INFO] 515450红利低波50ETF 分析完成: 价格显著低于均线，定投良机
2026-07-02 10:20:33,096 [INFO] --- 获取纳斯达克100指数数据 ---
2026-07-02 10:20:33,368 [INFO] 纳斯达克100指数 数据获取成功，共 3110 条记录（第 1 次尝试）
2026-07-02 10:20:33,370 [INFO] 指标计算完成: 当前价格=29809.13点, 200日均线=26067.34点, 偏离度=+14.35%
2026-07-02 10:20:33,370 [INFO] nasdaq_valuation_fetcher 模块不可用，尝试蛋卷基金API...
2026-07-02 10:20:33,370 [DEBUG] 请求蛋卷API: https://danjuanfunds.com/djapi/index_eva/pe_history/NDX?day=10y
2026-07-02 10:20:34,054 [INFO] 蛋卷 NDX PE 获取成功, 0 条记录, 当前值=None
2026-07-02 10:20:34,055 [DEBUG] 请求蛋卷API: https://danjuanfunds.com/djapi/index_eva/pb_history/NDX?day=10y
2026-07-02 10:20:34,698 [INFO] 蛋卷 NDX PB 获取成功, 0 条记录, 当前值=None
2026-07-02 10:20:34,699 [INFO] 纳斯达克100指数 分析完成: 价格显著高于均线，考虑减仓
2026-07-02 10:20:34,699 [INFO] 推送消息已构建
2026-07-02 10:20:34,699 [DEBUG] 消息内容:
【Trae】定投偏离度 - 2026-07-01

### 515450红利低波50ETF

- 当前价格：1.33元
- 250日均线：1.43元
- 偏离度：-7.2%
- 状态：价格显著低于均线，定投良机
- 建议：定投买入
---
### 纳斯达克100指数

- 当前价格：29809.13点
- 200日均线：26067.34点
- 偏离度：+14.3%
- 近1年最高：30660.6点
- 回撤幅度：-2.8%
- PE：None（近10年 None% 百分位）
- PB：None（近10年 None% 百分位）
- 状态：价格显著高于均线，考虑减仓
- 建议：持有不动

> 纳斯达克100每年都会有15%~20%的回撤，只有超过这个幅度的回撤才考虑加仓
============================================================
日志备用渠道 - 2026-07-02T18:20:34.699741+08:00
============================================================
[515450ETF] 日期=2026-07-01, 价格=1.33元, 均线=1.43元, 偏离度=-7.15%, 状态=价格显著低于均线，定投良机, 建议=定投买入
[纳斯达克100] 日期=2026-07-01, 价格=29809.13点, 均线=26067.34点, 偏离度=14.35%, 近1年最高=30660.6点, 回撤=-2.78%, PE=None(None%), PB=None(None%), 评级=未知, 状态=价格显著高于均线，考虑减仓, 建议=持有不动

2026-07-02 10:20:34,699 [INFO] 日志备用渠道已记录
2026-07-02 10:20:34,699 [INFO] PushDeer 推送中...（第 1 次尝试）
2026-07-02 10:20:38,566 [INFO] PushDeer 推送成功
2026-07-02 10:20:38,568 [INFO] 状态文件已保存: /home/runner/work/auto-invest-reminder/auto-invest-reminder/logs/combined_20260702_status.json
2026-07-02 10:20:38,568 [INFO] ==================================================
2026-07-02 10:20:38,568 [INFO] 脚本执行完成 - 成功
2026-07-02 10:20:38,568 [INFO] 摘要: ETF: 成功 | 纳斯达克: 成功 | 推送: 成功
2026-07-02 10:20:38,568 [INFO] ==================================================
2026-07-03 10:17:08,098 [INFO] ==================================================
2026-07-03 10:17:08,098 [INFO] 合并定投提醒脚本启动 - 20260703
2026-07-03 10:17:08,098 [INFO] ==================================================
2026-07-03 10:17:08,099 [INFO] --- 获取 515450 ETF 数据 ---
2026-07-03 10:17:11,373 [INFO] 515450红利低波50ETF 数据获取成功，共 1540 条记录（第 1 次尝试）
2026-07-03 10:17:11,374 [INFO] 指标计算完成: 当前价格=1.34元, 250日均线=1.43元, 偏离度=-5.86%
2026-07-03 10:17:11,374 [INFO] 515450红利低波50ETF 分析完成: 价格显著低于均线，定投良机
2026-07-03 10:17:11,374 [INFO] --- 获取纳斯达克100指数数据 ---
2026-07-03 10:17:11,521 [INFO] 纳斯达克100指数 数据获取成功，共 3111 条记录（第 1 次尝试）
2026-07-03 10:17:11,523 [INFO] 指标计算完成: 当前价格=29329.21点, 200日均线=26092.52点, 偏离度=+12.40%
2026-07-03 10:17:11,523 [INFO] nasdaq_valuation_fetcher 模块不可用，尝试蛋卷基金API...
2026-07-03 10:17:11,523 [DEBUG] 请求蛋卷API: https://danjuanfunds.com/djapi/index_eva/pe_history/NDX?day=10y
2026-07-03 10:17:12,459 [INFO] 蛋卷 NDX PE 获取成功, 0 条记录, 当前值=None
2026-07-03 10:17:12,460 [DEBUG] 请求蛋卷API: https://danjuanfunds.com/djapi/index_eva/pb_history/NDX?day=10y
2026-07-03 10:17:13,282 [INFO] 蛋卷 NDX PB 获取成功, 0 条记录, 当前值=None
2026-07-03 10:17:13,283 [INFO] 纳斯达克100指数 分析完成: 价格显著高于均线，考虑减仓
2026-07-03 10:17:13,283 [INFO] 推送消息已构建
2026-07-03 10:17:13,283 [DEBUG] 消息内容:
【Trae】定投偏离度 - 2026-07-02

### 515450红利低波50ETF

- 当前价格：1.34元
- 250日均线：1.43元
- 偏离度：-5.9%
- 状态：价格显著低于均线，定投良机
- 建议：定投买入
---
### 纳斯达克100指数

- 当前价格：29329.21点
- 200日均线：26092.52点
- 偏离度：+12.4%
- 近1年最高：30660.6点
- 回撤幅度：-4.3%
- PE：None（近10年 None% 百分位）
- PB：None（近10年 None% 百分位）
- 状态：价格显著高于均线，考虑减仓
- 建议：持有不动

> 纳斯达克100每年都会有15%~20%的回撤，只有超过这个幅度的回撤才考虑加仓
============================================================
日志备用渠道 - 2026-07-03T18:17:13.283913+08:00
============================================================
[515450ETF] 日期=2026-07-02, 价格=1.34元, 均线=1.43元, 偏离度=-5.86%, 状态=价格显著低于均线，定投良机, 建议=定投买入
[纳斯达克100] 日期=2026-07-02, 价格=29329.21点, 均线=26092.52点, 偏离度=12.4%, 近1年最高=30660.6点, 回撤=-4.34%, PE=None(None%), PB=None(None%), 评级=未知, 状态=价格显著高于均线，考虑减仓, 建议=持有不动

2026-07-03 10:17:13,283 [INFO] 日志备用渠道已记录
2026-07-03 10:17:13,284 [INFO] PushDeer 推送中...（第 1 次尝试）
2026-07-03 10:17:15,812 [INFO] PushDeer 推送成功
2026-07-03 10:17:15,813 [INFO] 状态文件已保存: /home/runner/work/auto-invest-reminder/auto-invest-reminder/logs/combined_20260703_status.json
2026-07-03 10:17:15,813 [INFO] ==================================================
2026-07-03 10:17:15,813 [INFO] 脚本执行完成 - 成功
2026-07-03 10:17:15,813 [INFO] 摘要: ETF: 成功 | 纳斯达克: 成功 | 推送: 成功
2026-07-03 10:17:15,813 [INFO] ==================================================
2026-07-04 09:10:33,921 [INFO] ==================================================
2026-07-04 09:10:33,921 [INFO] 合并定投提醒脚本启动 - 20260704
2026-07-04 09:10:33,921 [INFO] ==================================================
2026-07-04 09:10:33,921 [INFO] --- 获取 515450 ETF 数据 ---
2026-07-04 09:10:35,657 [INFO] 515450红利低波50ETF 数据获取成功，共 1541 条记录（第 1 次尝试）
2026-07-04 09:10:35,658 [INFO] 指标计算完成: 当前价格=1.35元, 250日均线=1.43元, 偏离度=-5.69%
2026-07-04 09:10:35,659 [INFO] 515450红利低波50ETF 分析完成: 价格显著低于均线，定投良机
2026-07-04 09:10:35,659 [INFO] --- 获取纳斯达克100指数数据 ---
2026-07-04 09:10:36,310 [INFO] 纳斯达克100指数 数据获取成功，共 3111 条记录（第 1 次尝试）
2026-07-04 09:10:36,312 [INFO] 指标计算完成: 当前价格=29329.21点, 200日均线=26092.52点, 偏离度=+12.40%
2026-07-04 09:10:36,312 [INFO] nasdaq_valuation_fetcher 模块不可用，尝试蛋卷基金API...
2026-07-04 09:10:36,312 [DEBUG] 请求蛋卷API: https://danjuanfunds.com/djapi/index_eva/pe_history/NDX?day=10y
2026-07-04 09:10:37,142 [INFO] 蛋卷 NDX PE 获取成功, 0 条记录, 当前值=None
2026-07-04 09:10:37,143 [DEBUG] 请求蛋卷API: https://danjuanfunds.com/djapi/index_eva/pb_history/NDX?day=10y
2026-07-04 09:10:38,025 [INFO] 蛋卷 NDX PB 获取成功, 0 条记录, 当前值=None
2026-07-04 09:10:38,026 [INFO] 纳斯达克100指数 分析完成: 价格显著高于均线，考虑减仓
2026-07-04 09:10:38,026 [INFO] 推送消息已构建
2026-07-04 09:10:38,026 [DEBUG] 消息内容:
【Trae】定投偏离度 - 2026-07-03

### 515450红利低波50ETF

- 当前价格：1.35元
- 250日均线：1.43元
- 偏离度：-5.7%
- 状态：价格显著低于均线，定投良机
- 建议：定投买入
---
### 纳斯达克100指数

- 当前价格：29329.21点
- 200日均线：26092.52点
- 偏离度：+12.4%
- 近1年最高：30660.6点
- 回撤幅度：-4.3%
- PE：None（近10年 None% 百分位）
- PB：None（近10年 None% 百分位）
- 状态：价格显著高于均线，考虑减仓
- 建议：持有不动

> 纳斯达克100每年都会有15%~20%的回撤，只有超过这个幅度的回撤才考虑加仓
============================================================
日志备用渠道 - 2026-07-04T17:10:38.026859+08:00
============================================================
[515450ETF] 日期=2026-07-03, 价格=1.35元, 均线=1.43元, 偏离度=-5.69%, 状态=价格显著低于均线，定投良机, 建议=定投买入
[纳斯达克100] 日期=2026-07-02, 价格=29329.21点, 均线=26092.52点, 偏离度=12.4%, 近1年最高=30660.6点, 回撤=-4.34%, PE=None(None%), PB=None(None%), 评级=未知, 状态=价格显著高于均线，考虑减仓, 建议=持有不动

2026-07-04 09:10:38,026 [INFO] 日志备用渠道已记录
2026-07-04 09:10:38,027 [INFO] PushDeer 推送中...（第 1 次尝试）
2026-07-04 09:10:39,646 [INFO] PushDeer 推送成功
2026-07-04 09:10:39,647 [INFO] 状态文件已保存: /home/runner/work/auto-invest-reminder/auto-invest-reminder/logs/combined_20260704_status.json
2026-07-04 09:10:39,647 [INFO] ==================================================
2026-07-04 09:10:39,647 [INFO] 脚本执行完成 - 成功
2026-07-04 09:10:39,648 [INFO] 摘要: ETF: 成功 | 纳斯达克: 成功 | 推送: 成功
2026-07-04 09:10:39,648 [INFO] ==================================================
2026-07-05 09:48:12,555 [INFO] ==================================================
2026-07-05 09:48:12,556 [INFO] 合并定投提醒脚本启动 - 20260705
2026-07-05 09:48:12,556 [INFO] ==================================================
2026-07-05 09:48:12,556 [INFO] --- 获取 515450 ETF 数据 ---
2026-07-05 09:48:15,224 [INFO] 515450红利低波50ETF 数据获取成功，共 1541 条记录（第 1 次尝试）
2026-07-05 09:48:15,225 [INFO] 指标计算完成: 当前价格=1.35元, 250日均线=1.43元, 偏离度=-5.69%
2026-07-05 09:48:15,225 [INFO] 515450红利低波50ETF 分析完成: 价格显著低于均线，定投良机
2026-07-05 09:48:15,225 [INFO] --- 获取纳斯达克100指数数据 ---
2026-07-05 09:48:15,664 [INFO] 纳斯达克100指数 数据获取成功，共 3111 条记录（第 1 次尝试）
2026-07-05 09:48:15,665 [INFO] 指标计算完成: 当前价格=29329.21点, 200日均线=26092.52点, 偏离度=+12.40%
2026-07-05 09:48:15,666 [INFO] nasdaq_valuation_fetcher 模块不可用，尝试蛋卷基金API...
2026-07-05 09:48:15,666 [DEBUG] 请求蛋卷API: https://danjuanfunds.com/djapi/index_eva/pe_history/NDX?day=10y
2026-07-05 09:48:16,430 [INFO] 蛋卷 NDX PE 获取成功, 0 条记录, 当前值=None
2026-07-05 09:48:16,431 [DEBUG] 请求蛋卷API: https://danjuanfunds.com/djapi/index_eva/pb_history/NDX?day=10y
2026-07-05 09:48:17,205 [INFO] 蛋卷 NDX PB 获取成功, 0 条记录, 当前值=None
2026-07-05 09:48:17,206 [INFO] 纳斯达克100指数 分析完成: 价格显著高于均线，考虑减仓
2026-07-05 09:48:17,206 [INFO] 推送消息已构建
2026-07-05 09:48:17,206 [DEBUG] 消息内容:
【Trae】定投偏离度 - 2026-07-03

### 515450红利低波50ETF

- 当前价格：1.35元
- 250日均线：1.43元
- 偏离度：-5.7%
- 状态：价格显著低于均线，定投良机
- 建议：定投买入
---
### 纳斯达克100指数

- 当前价格：29329.21点
- 200日均线：26092.52点
- 偏离度：+12.4%
- 近1年最高：30660.6点
- 回撤幅度：-4.3%
- PE：None（近10年 None% 百分位）
- PB：None（近10年 None% 百分位）
- 状态：价格显著高于均线，考虑减仓
- 建议：持有不动

> 纳斯达克100每年都会有15%~20%的回撤，只有超过这个幅度的回撤才考虑加仓
============================================================
日志备用渠道 - 2026-07-05T17:48:17.207074+08:00
============================================================
[515450ETF] 日期=2026-07-03, 价格=1.35元, 均线=1.43元, 偏离度=-5.69%, 状态=价格显著低于均线，定投良机, 建议=定投买入
[纳斯达克100] 日期=2026-07-02, 价格=29329.21点, 均线=26092.52点, 偏离度=12.4%, 近1年最高=30660.6点, 回撤=-4.34%, PE=None(None%), PB=None(None%), 评级=未知, 状态=价格显著高于均线，考虑减仓, 建议=持有不动

2026-07-05 09:48:17,207 [INFO] 日志备用渠道已记录
2026-07-05 09:48:17,207 [INFO] PushDeer 推送中...（第 1 次尝试）
2026-07-05 09:48:18,743 [INFO] PushDeer 推送成功
2026-07-05 09:48:18,745 [INFO] 状态文件已保存: /home/runner/work/auto-invest-reminder/auto-invest-reminder/logs/combined_20260705_status.json
2026-07-05 09:48:18,745 [INFO] ==================================================
2026-07-05 09:48:18,745 [INFO] 脚本执行完成 - 成功
2026-07-05 09:48:18,745 [INFO] 摘要: ETF: 成功 | 纳斯达克: 成功 | 推送: 成功
2026-07-05 09:48:18,745 [INFO] ==================================================
2026-07-06 04:22:07,078 [INFO] ==================================================
2026-07-06 04:22:07,078 [INFO] 合并定投提醒脚本启动 - 20260706
2026-07-06 04:22:07,078 [INFO] ==================================================
2026-07-06 04:22:07,078 [INFO] --- 获取 515450 ETF 数据 ---
2026-07-06 04:22:08,788 [INFO] 515450红利低波50ETF 数据获取成功，共 1541 条记录（第 1 次尝试）
2026-07-06 04:22:08,789 [INFO] 指标计算完成: 当前价格=1.35元, 250日均线=1.43元, 偏离度=-5.69%
2026-07-06 04:22:08,789 [INFO] 515450红利低波50ETF 分析完成: 价格显著低于均线，定投良机
2026-07-06 04:22:08,789 [INFO] --- 获取纳斯达克100指数数据 ---
2026-07-06 04:22:09,092 [INFO] 纳斯达克100指数 数据获取成功，共 3111 条记录（第 1 次尝试）
2026-07-06 04:22:09,094 [INFO] 指标计算完成: 当前价格=29329.21点, 200日均线=26092.52点, 偏离度=+12.40%
2026-07-06 04:22:09,094 [INFO] nasdaq_valuation_fetcher 模块不可用，尝试蛋卷基金API...
2026-07-06 04:22:09,094 [DEBUG] 请求蛋卷API: https://danjuanfunds.com/djapi/index_eva/pe_history/NDX?day=10y
2026-07-06 04:22:09,744 [INFO] 蛋卷 NDX PE 获取成功, 0 条记录, 当前值=None
2026-07-06 04:22:09,745 [DEBUG] 请求蛋卷API: https://danjuanfunds.com/djapi/index_eva/pb_history/NDX?day=10y
2026-07-06 04:22:10,402 [INFO] 蛋卷 NDX PB 获取成功, 0 条记录, 当前值=None
2026-07-06 04:22:10,403 [INFO] 纳斯达克100指数 分析完成: 价格显著高于均线，考虑减仓
2026-07-06 04:22:10,403 [INFO] 推送消息已构建
2026-07-06 04:22:10,403 [DEBUG] 消息内容:
【Trae】定投偏离度 - 2026-07-03

### 515450红利低波50ETF

- 当前价格：1.35元
- 250日均线：1.43元
- 偏离度：-5.7%
- 状态：价格显著低于均线，定投良机
- 建议：定投买入
---
### 纳斯达克100指数

- 当前价格：29329.21点
- 200日均线：26092.52点
- 偏离度：+12.4%
- 近1年最高：30660.6点
- 回撤幅度：-4.3%
- PE：None（近10年 None% 百分位）
- PB：None（近10年 None% 百分位）
- 状态：价格显著高于均线，考虑减仓
- 建议：持有不动

> 纳斯达克100每年都会有15%~20%的回撤，只有超过这个幅度的回撤才考虑加仓
============================================================
日志备用渠道 - 2026-07-06T12:22:10.403545+08:00
============================================================
[515450ETF] 日期=2026-07-03, 价格=1.35元, 均线=1.43元, 偏离度=-5.69%, 状态=价格显著低于均线，定投良机, 建议=定投买入
[纳斯达克100] 日期=2026-07-02, 价格=29329.21点, 均线=26092.52点, 偏离度=12.4%, 近1年最高=30660.6点, 回撤=-4.34%, PE=None(None%), PB=None(None%), 评级=未知, 状态=价格显著高于均线，考虑减仓, 建议=持有不动

2026-07-06 04:22:10,403 [INFO] 日志备用渠道已记录
2026-07-06 04:22:10,403 [INFO] PushDeer 推送中...（第 1 次尝试）
2026-07-06 04:22:11,733 [INFO] PushDeer 推送成功
2026-07-06 04:22:11,734 [INFO] 状态文件已保存: /home/runner/work/auto-invest-reminder/auto-invest-reminder/logs/combined_20260706_status.json
2026-07-06 04:22:11,734 [INFO] ==================================================
2026-07-06 04:22:11,734 [INFO] 脚本执行完成 - 成功
2026-07-06 04:22:11,734 [INFO] 摘要: ETF: 成功 | 纳斯达克: 成功 | 推送: 成功
2026-07-06 04:22:11,734 [INFO] ==================================================
2026-07-07 04:11:28,302 [INFO] ==================================================
2026-07-07 04:11:28,302 [INFO] 合并定投提醒脚本启动 - 20260707
2026-07-07 04:11:28,302 [INFO] ==================================================
2026-07-07 04:11:28,302 [INFO] --- 获取 515450 ETF 数据 ---
2026-07-07 04:11:30,208 [INFO] 515450红利低波50ETF 数据获取成功，共 1542 条记录（第 1 次尝试）
2026-07-07 04:11:30,209 [INFO] 指标计算完成: 当前价格=1.37元, 250日均线=1.43元, 偏离度=-4.20%
2026-07-07 04:11:30,209 [INFO] 515450红利低波50ETF 分析完成: 价格显著低于均线，定投良机
2026-07-07 04:11:30,209 [INFO] --- 获取纳斯达克100指数数据 ---
2026-07-07 04:11:30,343 [INFO] 纳斯达克100指数 数据获取成功，共 3112 条记录（第 1 次尝试）
2026-07-07 04:11:30,345 [INFO] 指标计算完成: 当前价格=29697.87点, 200日均线=26119.64点, 偏离度=+13.70%
2026-07-07 04:11:30,345 [INFO] nasdaq_valuation_fetcher 模块不可用，尝试蛋卷基金API...
2026-07-07 04:11:30,345 [DEBUG] 请求蛋卷API: https://danjuanfunds.com/djapi/index_eva/pe_history/NDX?day=10y
2026-07-07 04:11:30,987 [INFO] 蛋卷 NDX PE 获取成功, 0 条记录, 当前值=None
2026-07-07 04:11:30,988 [DEBUG] 请求蛋卷API: https://danjuanfunds.com/djapi/index_eva/pb_history/NDX?day=10y
2026-07-07 04:11:31,660 [INFO] 蛋卷 NDX PB 获取成功, 0 条记录, 当前值=None
2026-07-07 04:11:31,661 [INFO] 纳斯达克100指数 分析完成: 价格显著高于均线，考虑减仓
2026-07-07 04:11:31,662 [INFO] 推送消息已构建
2026-07-07 04:11:31,662 [DEBUG] 消息内容:
【Trae】定投偏离度 - 2026-07-06

### 515450红利低波50ETF

- 当前价格：1.37元
- 250日均线：1.43元
- 偏离度：-4.2%
- 状态：价格显著低于均线，定投良机
- 建议：定投买入
---
### 纳斯达克100指数

- 当前价格：29697.87点
- 200日均线：26119.64点
- 偏离度：+13.7%
- 近1年最高：30660.6点
- 回撤幅度：-3.1%
- PE：None（近10年 None% 百分位）
- PB：None（近10年 None% 百分位）
- 状态：价格显著高于均线，考虑减仓
- 建议：持有不动

> 纳斯达克100每年都会有15%~20%的回撤，只有超过这个幅度的回撤才考虑加仓
============================================================
日志备用渠道 - 2026-07-07T12:11:31.662252+08:00
============================================================
[515450ETF] 日期=2026-07-06, 价格=1.37元, 均线=1.43元, 偏离度=-4.2%, 状态=价格显著低于均线，定投良机, 建议=定投买入
[纳斯达克100] 日期=2026-07-06, 价格=29697.87点, 均线=26119.64点, 偏离度=13.7%, 近1年最高=30660.6点, 回撤=-3.14%, PE=None(None%), PB=None(None%), 评级=未知, 状态=价格显著高于均线，考虑减仓, 建议=持有不动

2026-07-07 04:11:31,662 [INFO] 日志备用渠道已记录
2026-07-07 04:11:31,662 [INFO] PushDeer 推送中...（第 1 次尝试）
2026-07-07 04:11:33,053 [INFO] PushDeer 推送成功
2026-07-07 04:11:33,054 [INFO] 状态文件已保存: /home/runner/work/auto-invest-reminder/auto-invest-reminder/logs/combined_20260707_status.json
2026-07-07 04:11:33,054 [INFO] ==================================================
2026-07-07 04:11:33,054 [INFO] 脚本执行完成 - 成功
2026-07-07 04:11:33,054 [INFO] 摘要: ETF: 成功 | 纳斯达克: 成功 | 推送: 成功
2026-07-07 04:11:33,054 [INFO] ==================================================
2026-07-07 23:35:54,100 [INFO] ==================================================
2026-07-07 23:35:54,100 [INFO] 合并定投提醒脚本启动 - 20260708
2026-07-07 23:35:54,100 [INFO] ==================================================
2026-07-07 23:35:54,100 [INFO] --- 获取 515450 ETF 数据 ---
2026-07-07 23:35:55,953 [INFO] 515450红利低波50ETF 数据获取成功，共 1543 条记录（第 1 次尝试）
2026-07-07 23:35:55,955 [INFO] 指标计算完成: 当前价格=1.35元, 250日均线=1.43元, 偏离度=-5.15%
2026-07-07 23:35:55,955 [INFO] 515450红利低波50ETF 分析完成: 价格显著低于均线，定投良机
2026-07-07 23:35:55,955 [INFO] --- 获取纳斯达克100指数数据 ---
2026-07-07 23:35:56,112 [INFO] 纳斯达克100指数 数据获取成功，共 3112 条记录（第 1 次尝试）
2026-07-07 23:35:56,113 [INFO] 指标计算完成: 当前价格=29697.87点, 200日均线=26119.64点, 偏离度=+13.70%
2026-07-07 23:35:56,114 [INFO] nasdaq_valuation_fetcher 模块不可用，尝试蛋卷基金API...
2026-07-07 23:35:56,114 [DEBUG] 请求蛋卷API: https://danjuanfunds.com/djapi/index_eva/pe_history/NDX?day=all
2026-07-07 23:35:56,973 [INFO] 蛋卷 NDX PE 获取成功, 513 条记录, 当前值=34.0241
2026-07-07 23:35:56,974 [DEBUG] 请求蛋卷API: https://danjuanfunds.com/djapi/index_eva/pb_history/NDX?day=all
2026-07-07 23:35:57,861 [INFO] 蛋卷 NDX PB 获取成功, 513 条记录, 当前值=10.14
2026-07-07 23:35:57,862 [INFO] 纳斯达克100指数 分析完成: 价格显著高于均线，考虑减仓
2026-07-07 23:35:57,863 [INFO] 推送消息已构建
2026-07-07 23:35:57,863 [DEBUG] 消息内容:
【Trae】定投偏离度 - 2026-07-07

### 515450红利低波50ETF

- 当前价格：1.35元
- 250日均线：1.43元
- 偏离度：-5.2%
- 状态：价格显著低于均线，定投良机
- 建议：定投买入
---
### 纳斯达克100指数

- 当前价格：29697.87点
- 200日均线：26119.64点
- 偏离度：+13.7%
- 近1年最高：30660.6点
- 回撤幅度：-3.1%
- PE：34.02（近10年 64.13% 百分位）
- PB：10.14（近10年 95.32% 百分位）
- 状态：价格显著高于均线，考虑减仓
- 建议：持有不动

> 纳斯达克100每年都会有15%~20%的回撤，只有超过这个幅度的回撤才考虑加仓
============================================================
日志备用渠道 - 2026-07-08T07:35:57.863417+08:00
============================================================
[515450ETF] 日期=2026-07-07, 价格=1.35元, 均线=1.43元, 偏离度=-5.15%, 状态=价格显著低于均线，定投良机, 建议=定投买入
[纳斯达克100] 日期=2026-07-06, 价格=29697.87点, 均线=26119.64点, 偏离度=13.7%, 近1年最高=30660.6点, 回撤=-3.14%, PE=34.02(64.13%), PB=10.14(95.32%), 评级=合理, 状态=价格显著高于均线，考虑减仓, 建议=持有不动

2026-07-07 23:35:57,863 [INFO] 日志备用渠道已记录
2026-07-07 23:35:57,863 [INFO] PushDeer 推送中...（第 1 次尝试）
2026-07-07 23:35:59,386 [INFO] PushDeer 推送成功
2026-07-07 23:35:59,388 [INFO] 状态文件已保存: /home/runner/work/auto-invest-reminder/auto-invest-reminder/logs/combined_20260708_status.json
2026-07-07 23:35:59,388 [INFO] ==================================================
2026-07-07 23:35:59,388 [INFO] 脚本执行完成 - 成功
2026-07-07 23:35:59,388 [INFO] 摘要: ETF: 成功 | 纳斯达克: 成功 | 推送: 成功
2026-07-07 23:35:59,388 [INFO] ==================================================
2026-07-08 03:35:45,062 [INFO] ==================================================
2026-07-08 03:35:45,062 [INFO] 合并定投提醒脚本启动 - 20260708
2026-07-08 03:35:45,062 [INFO] ==================================================
2026-07-08 03:35:45,062 [INFO] --- 获取 515450 ETF 数据 ---
2026-07-08 03:35:46,610 [INFO] 515450红利低波50ETF 数据获取成功，共 1543 条记录（第 1 次尝试）
2026-07-08 03:35:46,611 [INFO] 指标计算完成: 当前价格=1.35元, 250日均线=1.43元, 偏离度=-5.15%
2026-07-08 03:35:46,611 [INFO] 515450红利低波50ETF 分析完成: 价格显著低于均线，定投良机
2026-07-08 03:35:46,611 [INFO] --- 获取纳斯达克100指数数据 ---
2026-07-08 03:35:46,765 [INFO] 纳斯达克100指数 数据获取成功，共 3113 条记录（第 1 次尝试）
2026-07-08 03:35:46,767 [INFO] 指标计算完成: 当前价格=29173.02点, 200日均线=26144.38点, 偏离度=+11.58%
2026-07-08 03:35:46,767 [INFO] nasdaq_valuation_fetcher 模块不可用，尝试蛋卷基金API...
2026-07-08 03:35:46,767 [DEBUG] 请求蛋卷API: https://danjuanfunds.com/djapi/index_eva/pe_history/NDX?day=all
2026-07-08 03:35:47,506 [INFO] 蛋卷 NDX PE 获取成功, 514 条记录, 当前值=35.4615
2026-07-08 03:35:47,507 [DEBUG] 请求蛋卷API: https://danjuanfunds.com/djapi/index_eva/pb_history/NDX?day=all
2026-07-08 03:35:48,228 [INFO] 蛋卷 NDX PB 获取成功, 514 条记录, 当前值=10.396
2026-07-08 03:35:48,229 [INFO] 纳斯达克100指数 分析完成: 价格显著高于均线，考虑减仓
2026-07-08 03:35:48,229 [INFO] 推送消息已构建
2026-07-08 03:35:48,229 [DEBUG] 消息内容:
【Trae】定投偏离度 - 2026-07-07

### 515450红利低波50ETF

- 当前价格：1.35元
- 250日均线：1.43元
- 偏离度：-5.2%
- 状态：价格显著低于均线，定投良机
- 建议：定投买入
---
### 纳斯达克100指数

- 当前价格：29173.02点
- 200日均线：26144.38点
- 偏离度：+11.6%
- 近1年最高：30660.6点
- 回撤幅度：-4.8%
- PE：35.46（近10年 76.46% 百分位）
- PB：10.4（近10年 99.03% 百分位）
- 状态：价格显著高于均线，考虑减仓
- 建议：持有不动

> 纳斯达克100每年都会有15%~20%的回撤，只有超过这个幅度的回撤才考虑加仓
============================================================
日志备用渠道 - 2026-07-08T11:35:48.229866+08:00
============================================================
[515450ETF] 日期=2026-07-07, 价格=1.35元, 均线=1.43元, 偏离度=-5.15%, 状态=价格显著低于均线，定投良机, 建议=定投买入
[纳斯达克100] 日期=2026-07-07, 价格=29173.02点, 均线=26144.38点, 偏离度=11.58%, 近1年最高=30660.6点, 回撤=-4.85%, PE=35.46(76.46%), PB=10.4(99.03%), 评级=高估, 状态=价格显著高于均线，考虑减仓, 建议=持有不动

2026-07-08 03:35:48,229 [INFO] 日志备用渠道已记录
2026-07-08 03:35:48,229 [INFO] PushDeer 推送中...（第 1 次尝试）
2026-07-08 03:35:49,614 [INFO] PushDeer 推送成功
2026-07-08 03:35:49,615 [INFO] 状态文件已保存: /home/runner/work/auto-invest-reminder/auto-invest-reminder/logs/combined_20260708_status.json
2026-07-08 03:35:49,616 [INFO] ==================================================
2026-07-08 03:35:49,616 [INFO] 脚本执行完成 - 成功
2026-07-08 03:35:49,616 [INFO] 摘要: ETF: 成功 | 纳斯达克: 成功 | 推送: 成功
2026-07-08 03:35:49,616 [INFO] ==================================================
2026-07-09 04:20:34,770 [INFO] ==================================================
2026-07-09 04:20:34,770 [INFO] 合并定投提醒脚本启动 - 20260709
2026-07-09 04:20:34,770 [INFO] ==================================================
2026-07-09 04:20:34,770 [INFO] --- 获取 515450 ETF 数据 ---
2026-07-09 04:20:37,289 [INFO] 515450红利低波50ETF 数据获取成功，共 1544 条记录（第 1 次尝试）
2026-07-09 04:20:37,290 [INFO] 指标计算完成: 当前价格=1.37元, 250日均线=1.43元, 偏离度=-3.93%
2026-07-09 04:20:37,290 [INFO] 515450红利低波50ETF 分析完成: 价格显著低于均线，定投良机
2026-07-09 04:20:37,290 [INFO] --- 获取纳斯达克100指数数据 ---
2026-07-09 04:20:37,459 [INFO] 纳斯达克100指数 数据获取成功，共 3114 条记录（第 1 次尝试）
2026-07-09 04:20:37,460 [INFO] 指标计算完成: 当前价格=29252.56点, 200日均线=26168.37点, 偏离度=+11.79%
2026-07-09 04:20:37,460 [INFO] nasdaq_valuation_fetcher 模块不可用，尝试蛋卷基金API...
2026-07-09 04:20:37,460 [DEBUG] 请求蛋卷API: https://danjuanfunds.com/djapi/index_eva/pe_history/NDX?day=all
2026-07-09 04:20:38,060 [INFO] 蛋卷 NDX PE 获取成功, 514 条记录, 当前值=35.5187
2026-07-09 04:20:38,061 [DEBUG] 请求蛋卷API: https://danjuanfunds.com/djapi/index_eva/pb_history/NDX?day=all
2026-07-09 04:20:38,826 [INFO] 蛋卷 NDX PB 获取成功, 514 条记录, 当前值=10.4128
2026-07-09 04:20:38,826 [INFO] 纳斯达克100指数 分析完成: 价格显著高于均线，考虑减仓
2026-07-09 04:20:38,827 [INFO] 推送消息已构建
2026-07-09 04:20:38,827 [DEBUG] 消息内容:
【Trae】定投偏离度 - 2026-07-08

### 515450红利低波50ETF

- 当前价格：1.37元
- 250日均线：1.43元
- 偏离度：-3.9%
- 状态：价格显著低于均线，定投良机
- 建议：定投买入
---
### 纳斯达克100指数

- 当前价格：29252.56点
- 200日均线：26168.37点
- 偏离度：+11.8%
- 近1年最高：30660.6点
- 回撤幅度：-4.6%
- PE：35.52（近10年 77.04% 百分位）
- PB：10.41（近10年 99.03% 百分位）
- 状态：价格显著高于均线，考虑减仓
- 建议：持有不动

> 纳斯达克100每年都会有15%~20%的回撤，只有超过这个幅度的回撤才考虑加仓
============================================================
日志备用渠道 - 2026-07-09T12:20:38.827243+08:00
============================================================
[515450ETF] 日期=2026-07-08, 价格=1.37元, 均线=1.43元, 偏离度=-3.93%, 状态=价格显著低于均线，定投良机, 建议=定投买入
[纳斯达克100] 日期=2026-07-08, 价格=29252.56点, 均线=26168.37点, 偏离度=11.79%, 近1年最高=30660.6点, 回撤=-4.59%, PE=35.52(77.04%), PB=10.41(99.03%), 评级=高估, 状态=价格显著高于均线，考虑减仓, 建议=持有不动

2026-07-09 04:20:38,827 [INFO] 日志备用渠道已记录
2026-07-09 04:20:38,827 [INFO] PushDeer 推送中...（第 1 次尝试）
2026-07-09 04:20:40,221 [INFO] PushDeer 推送成功
2026-07-09 04:20:40,222 [INFO] 状态文件已保存: /home/runner/work/auto-invest-reminder/auto-invest-reminder/logs/combined_20260709_status.json
2026-07-09 04:20:40,222 [INFO] ==================================================
2026-07-09 04:20:40,222 [INFO] 脚本执行完成 - 成功
2026-07-09 04:20:40,222 [INFO] 摘要: ETF: 成功 | 纳斯达克: 成功 | 推送: 成功
2026-07-09 04:20:40,222 [INFO] ==================================================
2026-07-10 04:05:31,067 [INFO] ==================================================
2026-07-10 04:05:31,067 [INFO] 合并定投提醒脚本启动 - 20260710
2026-07-10 04:05:31,067 [INFO] ==================================================
2026-07-10 04:05:31,067 [INFO] --- 获取 515450 ETF 数据 ---
2026-07-10 04:05:33,757 [INFO] 515450红利低波50ETF 数据获取成功，共 1545 条记录（第 1 次尝试）
2026-07-10 04:05:33,758 [INFO] 指标计算完成: 当前价格=1.36元, 250日均线=1.43元, 偏离度=-4.95%
2026-07-10 04:05:33,758 [INFO] 515450红利低波50ETF 分析完成: 价格显著低于均线，定投良机
2026-07-10 04:05:33,758 [INFO] --- 获取纳斯达克100指数数据 ---
2026-07-10 04:05:33,915 [INFO] 纳斯达克100指数 数据获取成功，共 3115 条记录（第 1 次尝试）
2026-07-10 04:05:33,917 [INFO] 指标计算完成: 当前价格=29727.10点, 200日均线=26193.88点, 偏离度=+13.49%
2026-07-10 04:05:33,917 [INFO] nasdaq_valuation_fetcher 模块不可用，尝试蛋卷基金API...
2026-07-10 04:05:33,917 [DEBUG] 请求蛋卷API: https://danjuanfunds.com/djapi/index_eva/pe_history/NDX?day=all
2026-07-10 04:05:34,790 [INFO] 蛋卷 NDX PE 获取成功, 513 条记录, 当前值=35.8788
2026-07-10 04:05:34,791 [DEBUG] 请求蛋卷API: https://danjuanfunds.com/djapi/index_eva/pb_history/NDX?day=all
2026-07-10 04:05:35,572 [INFO] 蛋卷 NDX PB 获取成功, 513 条记录, 当前值=10.5308
2026-07-10 04:05:35,573 [INFO] 纳斯达克100指数 分析完成: 价格显著高于均线，考虑减仓
2026-07-10 04:05:35,573 [INFO] 推送消息已构建
2026-07-10 04:05:35,573 [DEBUG] 消息内容:
【Trae】定投偏离度 - 2026-07-09

### 515450红利低波50ETF

- 当前价格：1.36元
- 250日均线：1.43元
- 偏离度：-5.0%
- 状态：价格显著低于均线，定投良机
- 建议：定投买入
---
### 纳斯达克100指数

- 当前价格：29727.1点
- 200日均线：26193.88点
- 偏离度：+13.5%
- 近1年最高：30660.6点
- 回撤幅度：-3.0%
- PE：35.88（近10年 79.73% 百分位）
- PB：10.53（近10年 99.42% 百分位）
- 状态：价格显著高于均线，考虑减仓
- 建议：持有不动

> 纳斯达克100每年都会有15%~20%的回撤，只有超过这个幅度的回撤才考虑加仓
============================================================
日志备用渠道 - 2026-07-10T12:05:35.573812+08:00
============================================================
[515450ETF] 日期=2026-07-09, 价格=1.36元, 均线=1.43元, 偏离度=-4.95%, 状态=价格显著低于均线，定投良机, 建议=定投买入
[纳斯达克100] 日期=2026-07-09, 价格=29727.1点, 均线=26193.88点, 偏离度=13.49%, 近1年最高=30660.6点, 回撤=-3.04%, PE=35.88(79.73%), PB=10.53(99.42%), 评级=高估, 状态=价格显著高于均线，考虑减仓, 建议=持有不动

2026-07-10 04:05:35,573 [INFO] 日志备用渠道已记录
2026-07-10 04:05:35,573 [INFO] PushDeer 推送中...（第 1 次尝试）
2026-07-10 04:05:37,087 [INFO] PushDeer 推送成功
2026-07-10 04:05:37,088 [INFO] 状态文件已保存: /home/runner/work/auto-invest-reminder/auto-invest-reminder/logs/combined_20260710_status.json
2026-07-10 04:05:37,088 [INFO] ==================================================
2026-07-10 04:05:37,088 [INFO] 脚本执行完成 - 成功
2026-07-10 04:05:37,088 [INFO] 摘要: ETF: 成功 | 纳斯达克: 成功 | 推送: 成功
2026-07-10 04:05:37,088 [INFO] ==================================================
2026-07-11 03:32:14,564 [INFO] ==================================================
2026-07-11 03:32:14,564 [INFO] 合并定投提醒脚本启动 - 20260711
2026-07-11 03:32:14,564 [INFO] ==================================================
2026-07-11 03:32:14,564 [INFO] --- 获取 515450 ETF 数据 ---
2026-07-11 03:32:16,758 [INFO] 515450红利低波50ETF 数据获取成功，共 1546 条记录（第 1 次尝试）
2026-07-11 03:32:16,759 [INFO] 指标计算完成: 当前价格=1.36元, 250日均线=1.43元, 偏离度=-4.43%
2026-07-11 03:32:16,759 [INFO] 515450红利低波50ETF 分析完成: 价格显著低于均线，定投良机
2026-07-11 03:32:16,759 [INFO] --- 获取纳斯达克100指数数据 ---
2026-07-11 03:32:17,233 [INFO] 纳斯达克100指数 数据获取成功，共 3116 条记录（第 1 次尝试）
2026-07-11 03:32:17,235 [INFO] 指标计算完成: 当前价格=29825.11点, 200日均线=26219.20点, 偏离度=+13.75%
2026-07-11 03:32:17,235 [INFO] nasdaq_valuation_fetcher 模块不可用，尝试蛋卷基金API...
2026-07-11 03:32:17,235 [DEBUG] 请求蛋卷API: https://danjuanfunds.com/djapi/index_eva/pe_history/NDX?day=all
2026-07-11 03:32:17,993 [INFO] 蛋卷 NDX PE 获取成功, 513 条记录, 当前值=35.983
2026-07-11 03:32:17,995 [DEBUG] 请求蛋卷API: https://danjuanfunds.com/djapi/index_eva/pb_history/NDX?day=all
2026-07-11 03:32:18,889 [INFO] 蛋卷 NDX PB 获取成功, 513 条记录, 当前值=10.5614
2026-07-11 03:32:18,890 [INFO] 纳斯达克100指数 分析完成: 价格显著高于均线，考虑减仓
2026-07-11 03:32:18,891 [INFO] 推送消息已构建
2026-07-11 03:32:18,891 [DEBUG] 消息内容:
【Trae】定投偏离度 - 2026-07-10

### 515450红利低波50ETF

- 当前价格：1.36元
- 250日均线：1.43元
- 偏离度：-4.4%
- 状态：价格显著低于均线，定投良机
- 建议：定投买入
---
### 纳斯达克100指数

- 当前价格：29825.11点
- 200日均线：26219.2点
- 偏离度：+13.8%
- 近1年最高：30660.6点
- 回撤幅度：-2.7%
- PE：35.98（近10年 80.12% 百分位）
- PB：10.56（近10年 99.61% 百分位）
- 状态：价格显著高于均线，考虑减仓
- 建议：持有不动

> 纳斯达克100每年都会有15%~20%的回撤，只有超过这个幅度的回撤才考虑加仓
============================================================
日志备用渠道 - 2026-07-11T11:32:18.891184+08:00
============================================================
[515450ETF] 日期=2026-07-10, 价格=1.36元, 均线=1.43元, 偏离度=-4.43%, 状态=价格显著低于均线，定投良机, 建议=定投买入
[纳斯达克100] 日期=2026-07-10, 价格=29825.11点, 均线=26219.2点, 偏离度=13.75%, 近1年最高=30660.6点, 回撤=-2.72%, PE=35.98(80.12%), PB=10.56(99.61%), 评级=高估, 状态=价格显著高于均线，考虑减仓, 建议=持有不动

2026-07-11 03:32:18,891 [INFO] 日志备用渠道已记录
2026-07-11 03:32:18,891 [INFO] PushDeer 推送中...（第 1 次尝试）
2026-07-11 03:32:20,393 [INFO] PushDeer 推送成功
2026-07-11 03:32:20,394 [INFO] 状态文件已保存: /home/runner/work/auto-invest-reminder/auto-invest-reminder/logs/combined_20260711_status.json
2026-07-11 03:32:20,394 [INFO] ==================================================
2026-07-11 03:32:20,394 [INFO] 脚本执行完成 - 成功
2026-07-11 03:32:20,394 [INFO] 摘要: ETF: 成功 | 纳斯达克: 成功 | 推送: 成功
2026-07-11 03:32:20,394 [INFO] ==================================================
2026-07-12 03:44:23,554 [INFO] ==================================================
2026-07-12 03:44:23,554 [INFO] 合并定投提醒脚本启动 - 20260712
2026-07-12 03:44:23,554 [INFO] ==================================================
2026-07-12 03:44:23,554 [INFO] --- 获取 515450 ETF 数据 ---
2026-07-12 03:44:25,130 [INFO] 515450红利低波50ETF 数据获取成功，共 1546 条记录（第 1 次尝试）
2026-07-12 03:44:25,131 [INFO] 指标计算完成: 当前价格=1.36元, 250日均线=1.43元, 偏离度=-4.43%
2026-07-12 03:44:25,131 [INFO] 515450红利低波50ETF 分析完成: 价格显著低于均线，定投良机
2026-07-12 03:44:25,131 [INFO] --- 获取纳斯达克100指数数据 ---
2026-07-12 03:44:25,296 [INFO] 纳斯达克100指数 数据获取成功，共 3116 条记录（第 1 次尝试）
2026-07-12 03:44:25,297 [INFO] 指标计算完成: 当前价格=29825.11点, 200日均线=26219.20点, 偏离度=+13.75%
2026-07-12 03:44:25,297 [INFO] nasdaq_valuation_fetcher 模块不可用，尝试蛋卷基金API...
2026-07-12 03:44:25,297 [DEBUG] 请求蛋卷API: https://danjuanfunds.com/djapi/index_eva/pe_history/NDX?day=all
2026-07-12 03:44:26,046 [INFO] 蛋卷 NDX PE 获取成功, 513 条记录, 当前值=35.983
2026-07-12 03:44:26,047 [DEBUG] 请求蛋卷API: https://danjuanfunds.com/djapi/index_eva/pb_history/NDX?day=all
2026-07-12 03:44:26,810 [INFO] 蛋卷 NDX PB 获取成功, 513 条记录, 当前值=10.5614
2026-07-12 03:44:26,811 [INFO] 纳斯达克100指数 分析完成: 价格显著高于均线，考虑减仓
2026-07-12 03:44:26,811 [INFO] 推送消息已构建
2026-07-12 03:44:26,811 [DEBUG] 消息内容:
【Trae】定投偏离度 - 2026-07-10

### 515450红利低波50ETF

- 当前价格：1.36元
- 250日均线：1.43元
- 偏离度：-4.4%
- 状态：价格显著低于均线，定投良机
- 建议：定投买入
---
### 纳斯达克100指数

- 当前价格：29825.11点
- 200日均线：26219.2点
- 偏离度：+13.8%
- 近1年最高：30660.6点
- 回撤幅度：-2.7%
- PE：35.98（近10年 80.12% 百分位）
- PB：10.56（近10年 99.61% 百分位）
- 状态：价格显著高于均线，考虑减仓
- 建议：持有不动

> 纳斯达克100每年都会有15%~20%的回撤，只有超过这个幅度的回撤才考虑加仓
============================================================
日志备用渠道 - 2026-07-12T11:44:26.811828+08:00
============================================================
[515450ETF] 日期=2026-07-10, 价格=1.36元, 均线=1.43元, 偏离度=-4.43%, 状态=价格显著低于均线，定投良机, 建议=定投买入
[纳斯达克100] 日期=2026-07-10, 价格=29825.11点, 均线=26219.2点, 偏离度=13.75%, 近1年最高=30660.6点, 回撤=-2.72%, PE=35.98(80.12%), PB=10.56(99.61%), 评级=高估, 状态=价格显著高于均线，考虑减仓, 建议=持有不动

2026-07-12 03:44:26,811 [INFO] 日志备用渠道已记录
2026-07-12 03:44:26,811 [INFO] PushDeer 推送中...（第 1 次尝试）
2026-07-12 03:44:28,176 [INFO] PushDeer 推送成功
2026-07-12 03:44:28,177 [INFO] 状态文件已保存: /home/runner/work/auto-invest-reminder/auto-invest-reminder/logs/combined_20260712_status.json
2026-07-12 03:44:28,177 [INFO] ==================================================
2026-07-12 03:44:28,177 [INFO] 脚本执行完成 - 成功
2026-07-12 03:44:28,177 [INFO] 摘要: ETF: 成功 | 纳斯达克: 成功 | 推送: 成功
2026-07-12 03:44:28,177 [INFO] ==================================================
2026-07-13 03:47:09,015 [INFO] ==================================================
2026-07-13 03:47:09,015 [INFO] 合并定投提醒脚本启动 - 20260713
2026-07-13 03:47:09,015 [INFO] ==================================================
2026-07-13 03:47:09,016 [INFO] --- 获取 515450 ETF 数据 ---
2026-07-13 03:47:11,114 [INFO] 515450红利低波50ETF 数据获取成功，共 1546 条记录（第 1 次尝试）
2026-07-13 03:47:11,115 [INFO] 指标计算完成: 当前价格=1.36元, 250日均线=1.43元, 偏离度=-4.43%
2026-07-13 03:47:11,115 [INFO] 515450红利低波50ETF 分析完成: 价格显著低于均线，定投良机
2026-07-13 03:47:11,115 [INFO] --- 获取纳斯达克100指数数据 ---
2026-07-13 03:47:11,329 [INFO] 纳斯达克100指数 数据获取成功，共 3116 条记录（第 1 次尝试）
2026-07-13 03:47:11,331 [INFO] 指标计算完成: 当前价格=29825.11点, 200日均线=26219.20点, 偏离度=+13.75%
2026-07-13 03:47:11,331 [INFO] nasdaq_valuation_fetcher 模块不可用，尝试蛋卷基金API...
2026-07-13 03:47:11,331 [DEBUG] 请求蛋卷API: https://danjuanfunds.com/djapi/index_eva/pe_history/NDX?day=all
2026-07-13 03:47:12,286 [INFO] 蛋卷 NDX PE 获取成功, 513 条记录, 当前值=35.983
2026-07-13 03:47:12,287 [DEBUG] 请求蛋卷API: https://danjuanfunds.com/djapi/index_eva/pb_history/NDX?day=all
2026-07-13 03:47:13,209 [INFO] 蛋卷 NDX PB 获取成功, 513 条记录, 当前值=10.5614
2026-07-13 03:47:13,211 [INFO] 纳斯达克100指数 分析完成: 价格显著高于均线，考虑减仓
2026-07-13 03:47:13,211 [INFO] 推送消息已构建
2026-07-13 03:47:13,211 [DEBUG] 消息内容:
【Trae】定投偏离度 - 2026-07-10

### 515450红利低波50ETF

- 当前价格：1.36元
- 250日均线：1.43元
- 偏离度：-4.4%
- 状态：价格显著低于均线，定投良机
- 建议：定投买入
---
### 纳斯达克100指数

- 当前价格：29825.11点
- 200日均线：26219.2点
- 偏离度：+13.8%
- 近1年最高：30660.6点
- 回撤幅度：-2.7%
- PE：35.98（近10年 80.12% 百分位）
- PB：10.56（近10年 99.61% 百分位）
- 状态：价格显著高于均线，考虑减仓
- 建议：持有不动

> 纳斯达克100每年都会有15%~20%的回撤，只有超过这个幅度的回撤才考虑加仓
============================================================
日志备用渠道 - 2026-07-13T11:47:13.211641+08:00
============================================================
[515450ETF] 日期=2026-07-10, 价格=1.36元, 均线=1.43元, 偏离度=-4.43%, 状态=价格显著低于均线，定投良机, 建议=定投买入
[纳斯达克100] 日期=2026-07-10, 价格=29825.11点, 均线=26219.2点, 偏离度=13.75%, 近1年最高=30660.6点, 回撤=-2.72%, PE=35.98(80.12%), PB=10.56(99.61%), 评级=高估, 状态=价格显著高于均线，考虑减仓, 建议=持有不动

2026-07-13 03:47:13,211 [INFO] 日志备用渠道已记录
2026-07-13 03:47:13,211 [INFO] PushDeer 推送中...（第 1 次尝试）
2026-07-13 03:47:14,867 [INFO] PushDeer 推送成功
2026-07-13 03:47:14,869 [INFO] 状态文件已保存: /home/runner/work/auto-invest-reminder/auto-invest-reminder/logs/combined_20260713_status.json
2026-07-13 03:47:14,869 [INFO] ==================================================
2026-07-13 03:47:14,869 [INFO] 脚本执行完成 - 成功
2026-07-13 03:47:14,869 [INFO] 摘要: ETF: 成功 | 纳斯达克: 成功 | 推送: 成功
2026-07-13 03:47:14,869 [INFO] ==================================================
2026-07-14 03:20:42,168 [INFO] ==================================================
2026-07-14 03:20:42,168 [INFO] 合并定投提醒脚本启动 - 20260714
2026-07-14 03:20:42,168 [INFO] ==================================================
2026-07-14 03:20:42,168 [INFO] --- 获取 515450 ETF 数据 ---
2026-07-14 03:20:44,194 [INFO] 515450红利低波50ETF 数据获取成功，共 1547 条记录（第 1 次尝试）
2026-07-14 03:20:44,196 [INFO] 指标计算完成: 当前价格=1.38元, 250日均线=1.43元, 偏离度=-3.50%
2026-07-14 03:20:44,196 [INFO] 515450红利低波50ETF 分析完成: 价格显著低于均线，定投良机
2026-07-14 03:20:44,196 [INFO] --- 获取纳斯达克100指数数据 ---
2026-07-14 03:20:44,347 [INFO] 纳斯达克100指数 数据获取成功，共 3117 条记录（第 1 次尝试）
2026-07-14 03:20:44,350 [INFO] 指标计算完成: 当前价格=29264.10点, 200日均线=26242.62点, 偏离度=+11.51%
2026-07-14 03:20:44,350 [INFO] nasdaq_valuation_fetcher 模块不可用，尝试蛋卷基金API...
2026-07-14 03:20:44,350 [DEBUG] 请求蛋卷API: https://danjuanfunds.com/djapi/index_eva/pe_history/NDX?day=all
2026-07-14 03:20:45,319 [INFO] 蛋卷 NDX PE 获取成功, 513 条记录, 当前值=35.3729
2026-07-14 03:20:45,320 [DEBUG] 请求蛋卷API: https://danjuanfunds.com/djapi/index_eva/pb_history/NDX?day=all
2026-07-14 03:20:46,275 [INFO] 蛋卷 NDX PB 获取成功, 513 条记录, 当前值=10.3824
2026-07-14 03:20:46,276 [INFO] 纳斯达克100指数 分析完成: 价格显著高于均线，考虑减仓
2026-07-14 03:20:46,276 [INFO] 推送消息已构建
2026-07-14 03:20:46,276 [DEBUG] 消息内容:
【Trae】定投偏离度 - 2026-07-13

### 515450红利低波50ETF

- 当前价格：1.38元
- 250日均线：1.43元
- 偏离度：-3.5%
- 状态：价格显著低于均线，定投良机
- 建议：定投买入
---
### 纳斯达克100指数

- 当前价格：29264.1点
- 200日均线：26242.62点
- 偏离度：+11.5%
- 近1年最高：30660.6点
- 回撤幅度：-4.5%
- PE：35.37（近10年 76.22% 百分位）
- PB：10.38（近10年 98.83% 百分位）
- 状态：价格显著高于均线，考虑减仓
- 建议：持有不动

> 纳斯达克100每年都会有15%~20%的回撤，只有超过这个幅度的回撤才考虑加仓
============================================================
日志备用渠道 - 2026-07-14T11:20:46.276829+08:00
============================================================
[515450ETF] 日期=2026-07-13, 价格=1.38元, 均线=1.43元, 偏离度=-3.5%, 状态=价格显著低于均线，定投良机, 建议=定投买入
[纳斯达克100] 日期=2026-07-13, 价格=29264.1点, 均线=26242.62点, 偏离度=11.51%, 近1年最高=30660.6点, 回撤=-4.55%, PE=35.37(76.22%), PB=10.38(98.83%), 评级=高估, 状态=价格显著高于均线，考虑减仓, 建议=持有不动

2026-07-14 03:20:46,276 [INFO] 日志备用渠道已记录
2026-07-14 03:20:46,276 [INFO] PushDeer 推送中...（第 1 次尝试）
2026-07-14 03:20:47,967 [INFO] PushDeer 推送成功
2026-07-14 03:20:47,969 [INFO] 状态文件已保存: /home/runner/work/auto-invest-reminder/auto-invest-reminder/logs/combined_20260714_status.json
2026-07-14 03:20:47,969 [INFO] ==================================================
2026-07-14 03:20:47,969 [INFO] 脚本执行完成 - 成功
2026-07-14 03:20:47,969 [INFO] 摘要: ETF: 成功 | 纳斯达克: 成功 | 推送: 成功
2026-07-14 03:20:47,969 [INFO] ==================================================
2026-07-15 03:20:26,334 [INFO] ==================================================
2026-07-15 03:20:26,334 [INFO] 合并定投提醒脚本启动 - 20260715
2026-07-15 03:20:26,334 [INFO] ==================================================
2026-07-15 03:20:26,334 [INFO] --- 获取 515450 ETF 数据 ---
2026-07-15 03:20:28,513 [INFO] 515450红利低波50ETF 数据获取成功，共 1548 条记录（第 1 次尝试）
2026-07-15 03:20:28,514 [INFO] 指标计算完成: 当前价格=1.39元, 250日均线=1.43元, 偏离度=-2.49%
2026-07-15 03:20:28,514 [INFO] 515450红利低波50ETF 分析完成: 价格显著低于均线，定投良机
2026-07-15 03:20:28,515 [INFO] --- 获取纳斯达克100指数数据 ---
2026-07-15 03:20:28,758 [INFO] 纳斯达克100指数 数据获取成功，共 3118 条记录（第 1 次尝试）
2026-07-15 03:20:28,760 [INFO] 指标计算完成: 当前价格=29586.29点, 200日均线=26268.03点, 偏离度=+12.63%
2026-07-15 03:20:28,760 [INFO] nasdaq_valuation_fetcher 模块不可用，尝试蛋卷基金API...
2026-07-15 03:20:28,760 [DEBUG] 请求蛋卷API: https://danjuanfunds.com/djapi/index_eva/pe_history/NDX?day=all
2026-07-15 03:20:29,417 [INFO] 蛋卷 NDX PE 获取成功, 514 条记录, 当前值=35.7277
2026-07-15 03:20:29,418 [DEBUG] 请求蛋卷API: https://danjuanfunds.com/djapi/index_eva/pb_history/NDX?day=all
2026-07-15 03:20:30,129 [INFO] 蛋卷 NDX PB 获取成功, 514 条记录, 当前值=10.4867
2026-07-15 03:20:30,130 [INFO] 纳斯达克100指数 分析完成: 价格显著高于均线，考虑减仓
2026-07-15 03:20:30,130 [INFO] 推送消息已构建
2026-07-15 03:20:30,130 [DEBUG] 消息内容:
【Trae】定投偏离度 - 2026-07-14

### 515450红利低波50ETF

- 当前价格：1.39元
- 250日均线：1.43元
- 偏离度：-2.5%
- 状态：价格显著低于均线，定投良机
- 建议：定投买入
---
### 纳斯达克100指数

- 当前价格：29586.29点
- 200日均线：26268.03点
- 偏离度：+12.6%
- 近1年最高：30660.6点
- 回撤幅度：-3.5%
- PE：35.73（近10年 78.99% 百分位）
- PB：10.49（近10年 99.42% 百分位）
- 状态：价格显著高于均线，考虑减仓
- 建议：持有不动

> 纳斯达克100每年都会有15%~20%的回撤，只有超过这个幅度的回撤才考虑加仓
============================================================
日志备用渠道 - 2026-07-15T11:20:30.130789+08:00
============================================================
[515450ETF] 日期=2026-07-14, 价格=1.39元, 均线=1.43元, 偏离度=-2.49%, 状态=价格显著低于均线，定投良机, 建议=定投买入
[纳斯达克100] 日期=2026-07-14, 价格=29586.29点, 均线=26268.03点, 偏离度=12.63%, 近1年最高=30660.6点, 回撤=-3.5%, PE=35.73(78.99%), PB=10.49(99.42%), 评级=高估, 状态=价格显著高于均线，考虑减仓, 建议=持有不动

2026-07-15 03:20:30,130 [INFO] 日志备用渠道已记录
2026-07-15 03:20:30,130 [INFO] PushDeer 推送中...（第 1 次尝试）
2026-07-15 03:20:31,488 [INFO] PushDeer 推送成功
2026-07-15 03:20:31,489 [INFO] 状态文件已保存: /home/runner/work/auto-invest-reminder/auto-invest-reminder/logs/combined_20260715_status.json
2026-07-15 03:20:31,489 [INFO] ==================================================
2026-07-15 03:20:31,489 [INFO] 脚本执行完成 - 成功
2026-07-15 03:20:31,490 [INFO] 摘要: ETF: 成功 | 纳斯达克: 成功 | 推送: 成功
2026-07-15 03:20:31,490 [INFO] ==================================================
2026-07-16 03:27:30,820 [INFO] ==================================================
2026-07-16 03:27:30,820 [INFO] 合并定投提醒脚本启动 - 20260716
2026-07-16 03:27:30,820 [INFO] ==================================================
2026-07-16 03:27:30,820 [INFO] --- 获取 515450 ETF 数据 ---
2026-07-16 03:27:32,663 [INFO] 515450红利低波50ETF 数据获取成功，共 1549 条记录（第 1 次尝试）
2026-07-16 03:27:32,664 [INFO] 指标计算完成: 当前价格=1.39元, 250日均线=1.43元, 偏离度=-2.19%
2026-07-16 03:27:32,664 [INFO] 515450红利低波50ETF 分析完成: 价格显著低于均线，定投良机
2026-07-16 03:27:32,664 [INFO] --- 获取纳斯达克100指数数据 ---
2026-07-16 03:27:32,817 [INFO] 纳斯达克100指数 数据获取成功，共 3119 条记录（第 1 次尝试）
2026-07-16 03:27:32,819 [INFO] 指标计算完成: 当前价格=29502.60点, 200日均线=26293.56点, 偏离度=+12.20%
2026-07-16 03:27:32,819 [INFO] nasdaq_valuation_fetcher 模块不可用，尝试蛋卷基金API...
2026-07-16 03:27:32,819 [DEBUG] 请求蛋卷API: https://danjuanfunds.com/djapi/index_eva/pe_history/NDX?day=all
2026-07-16 03:27:33,773 [INFO] 蛋卷 NDX PE 获取成功, 514 条记录, 当前值=36.0805
2026-07-16 03:27:33,774 [DEBUG] 请求蛋卷API: https://danjuanfunds.com/djapi/index_eva/pb_history/NDX?day=all
2026-07-16 03:27:34,590 [INFO] 蛋卷 NDX PB 获取成功, 514 条记录, 当前值=10.59
2026-07-16 03:27:34,591 [INFO] 纳斯达克100指数 分析完成: 价格显著高于均线，考虑减仓
2026-07-16 03:27:34,592 [INFO] 推送消息已构建
2026-07-16 03:27:34,592 [DEBUG] 消息内容:
【Trae】定投偏离度 - 2026-07-15

### 515450红利低波50ETF

- 当前价格：1.39元
- 250日均线：1.43元
- 偏离度：-2.2%
- 状态：价格显著低于均线，定投良机
- 建议：定投买入
---
### 纳斯达克100指数

- 当前价格：29502.6点
- 200日均线：26293.56点
- 偏离度：+12.2%
- 近1年最高：30660.6点
- 回撤幅度：-3.8%
- PE：36.08（近10年 81.52% 百分位）
- PB：10.59（近10年 99.61% 百分位）
- 状态：价格显著高于均线，考虑减仓
- 建议：持有不动

> 纳斯达克100每年都会有15%~20%的回撤，只有超过这个幅度的回撤才考虑加仓
============================================================
日志备用渠道 - 2026-07-16T11:27:34.592253+08:00
============================================================
[515450ETF] 日期=2026-07-15, 价格=1.39元, 均线=1.43元, 偏离度=-2.19%, 状态=价格显著低于均线，定投良机, 建议=定投买入
[纳斯达克100] 日期=2026-07-15, 价格=29502.6点, 均线=26293.56点, 偏离度=12.2%, 近1年最高=30660.6点, 回撤=-3.78%, PE=36.08(81.52%), PB=10.59(99.61%), 评级=高估, 状态=价格显著高于均线，考虑减仓, 建议=持有不动

2026-07-16 03:27:34,592 [INFO] 日志备用渠道已记录
2026-07-16 03:27:34,592 [INFO] PushDeer 推送中...（第 1 次尝试）
2026-07-16 03:27:36,445 [INFO] PushDeer 推送成功
2026-07-16 03:27:36,447 [INFO] 状态文件已保存: /home/runner/work/auto-invest-reminder/auto-invest-reminder/logs/combined_20260716_status.json
2026-07-16 03:27:36,447 [INFO] ==================================================
2026-07-16 03:27:36,447 [INFO] 脚本执行完成 - 成功
2026-07-16 03:27:36,447 [INFO] 摘要: ETF: 成功 | 纳斯达克: 成功 | 推送: 成功
2026-07-16 03:27:36,447 [INFO] ==================================================
2026-07-17 03:29:55,463 [INFO] ==================================================
2026-07-17 03:29:55,463 [INFO] 合并定投提醒脚本启动 - 20260717
2026-07-17 03:29:55,463 [INFO] ==================================================
2026-07-17 03:29:55,463 [INFO] --- 获取 515450 ETF 数据 ---
2026-07-17 03:29:57,925 [INFO] 515450红利低波50ETF 数据获取成功，共 1550 条记录（第 1 次尝试）
2026-07-17 03:29:57,927 [INFO] 指标计算完成: 当前价格=1.38元, 250日均线=1.42元, 偏离度=-2.86%
2026-07-17 03:29:57,927 [INFO] 515450红利低波50ETF 分析完成: 价格显著低于均线，定投良机
2026-07-17 03:29:57,927 [INFO] --- 获取纳斯达克100指数数据 ---
2026-07-17 03:29:58,232 [INFO] 纳斯达克100指数 数据获取成功，共 3120 条记录（第 1 次尝试）
2026-07-17 03:29:58,233 [INFO] 指标计算完成: 当前价格=29025.77点, 200日均线=26316.17点, 偏离度=+10.30%
2026-07-17 03:29:58,233 [INFO] nasdaq_valuation_fetcher 模块不可用，尝试蛋卷基金API...
2026-07-17 03:29:58,234 [DEBUG] 请求蛋卷API: https://danjuanfunds.com/djapi/index_eva/pe_history/NDX?day=all
2026-07-17 03:29:58,886 [INFO] 蛋卷 NDX PE 获取成功, 513 条记录, 当前值=35.3794
2026-07-17 03:29:58,887 [DEBUG] 请求蛋卷API: https://danjuanfunds.com/djapi/index_eva/pb_history/NDX?day=all
2026-07-17 03:29:59,635 [INFO] 蛋卷 NDX PB 获取成功, 513 条记录, 当前值=10.3978
2026-07-17 03:29:59,636 [INFO] 纳斯达克100指数 分析完成: 价格显著高于均线，考虑减仓
2026-07-17 03:29:59,636 [INFO] 推送消息已构建
2026-07-17 03:29:59,636 [DEBUG] 消息内容:
【Trae】定投偏离度 - 2026-07-16

### 515450红利低波50ETF

- 当前价格：1.38元
- 250日均线：1.42元
- 偏离度：-2.9%
- 状态：价格显著低于均线，定投良机
- 建议：定投买入
---
### 纳斯达克100指数

- 当前价格：29025.77点
- 200日均线：26316.17点
- 偏离度：+10.3%
- 近1年最高：30660.6点
- 回撤幅度：-5.3%
- PE：35.38（近10年 76.41% 百分位）
- PB：10.4（近10年 99.03% 百分位）
- 状态：价格显著高于均线，考虑减仓
- 建议：持有不动

> 纳斯达克100每年都会有15%~20%的回撤，只有超过这个幅度的回撤才考虑加仓
============================================================
日志备用渠道 - 2026-07-17T11:29:59.637029+08:00
============================================================
[515450ETF] 日期=2026-07-16, 价格=1.38元, 均线=1.42元, 偏离度=-2.86%, 状态=价格显著低于均线，定投良机, 建议=定投买入
[纳斯达克100] 日期=2026-07-16, 价格=29025.77点, 均线=26316.17点, 偏离度=10.3%, 近1年最高=30660.6点, 回撤=-5.33%, PE=35.38(76.41%), PB=10.4(99.03%), 评级=高估, 状态=价格显著高于均线，考虑减仓, 建议=持有不动

2026-07-17 03:29:59,637 [INFO] 日志备用渠道已记录
2026-07-17 03:29:59,637 [INFO] PushDeer 推送中...（第 1 次尝试）
2026-07-17 03:30:01,005 [INFO] PushDeer 推送成功
2026-07-17 03:30:01,006 [INFO] 状态文件已保存: /home/runner/work/auto-invest-reminder/auto-invest-reminder/logs/combined_20260717_status.json
2026-07-17 03:30:01,006 [INFO] ==================================================
2026-07-17 03:30:01,006 [INFO] 脚本执行完成 - 成功
2026-07-17 03:30:01,006 [INFO] 摘要: ETF: 成功 | 纳斯达克: 成功 | 推送: 成功
2026-07-17 03:30:01,006 [INFO] ==================================================
2026-07-18 03:18:56,411 [INFO] ==================================================
2026-07-18 03:18:56,411 [INFO] 合并定投提醒脚本启动 - 20260718
2026-07-18 03:18:56,411 [INFO] ==================================================
2026-07-18 03:18:56,411 [INFO] --- 获取 515450 ETF 数据 ---
2026-07-18 03:18:57,960 [INFO] 515450红利低波50ETF 数据获取成功，共 1551 条记录（第 1 次尝试）
2026-07-18 03:18:57,962 [INFO] 指标计算完成: 当前价格=1.40元, 250日均线=1.42元, 偏离度=-1.99%
2026-07-18 03:18:57,962 [INFO] 515450红利低波50ETF 分析完成: 价格低于均线，可考虑定投
2026-07-18 03:18:57,962 [INFO] --- 获取纳斯达克100指数数据 ---
2026-07-18 03:18:58,369 [INFO] 纳斯达克100指数 数据获取成功，共 3121 条记录（第 1 次尝试）
2026-07-18 03:18:58,370 [INFO] 指标计算完成: 当前价格=28592.66点, 200日均线=26336.07点, 偏离度=+8.57%
2026-07-18 03:18:58,371 [INFO] nasdaq_valuation_fetcher 模块不可用，尝试蛋卷基金API...
2026-07-18 03:18:58,371 [DEBUG] 请求蛋卷API: https://danjuanfunds.com/djapi/index_eva/pe_history/NDX?day=all
2026-07-18 03:18:59,087 [INFO] 蛋卷 NDX PE 获取成功, 513 条记录, 当前值=34.7613
2026-07-18 03:18:59,088 [DEBUG] 请求蛋卷API: https://danjuanfunds.com/djapi/index_eva/pb_history/NDX?day=all
2026-07-18 03:18:59,798 [INFO] 蛋卷 NDX PB 获取成功, 513 条记录, 当前值=10.2092
2026-07-18 03:18:59,799 [INFO] 纳斯达克100指数 分析完成: 价格显著高于均线，考虑减仓
2026-07-18 03:18:59,800 [INFO] 推送消息已构建
2026-07-18 03:18:59,800 [DEBUG] 消息内容:
【Trae】定投偏离度 - 2026-07-17

### 515450红利低波50ETF

- 当前价格：1.4元
- 250日均线：1.42元
- 偏离度：-2.0%
- 状态：价格低于均线，可考虑定投
- 建议：定投买入
---
### 纳斯达克100指数

- 当前价格：28592.66点
- 200日均线：26336.07点
- 偏离度：+8.6%
- 近1年最高：30660.6点
- 回撤幅度：-6.7%
- PE：34.76（近10年 69.4% 百分位）
- PB：10.21（近10年 95.52% 百分位）
- 状态：价格显著高于均线，考虑减仓
- 建议：持有不动

> 纳斯达克100每年都会有15%~20%的回撤，只有超过这个幅度的回撤才考虑加仓
============================================================
日志备用渠道 - 2026-07-18T11:18:59.800362+08:00
============================================================
[515450ETF] 日期=2026-07-17, 价格=1.4元, 均线=1.42元, 偏离度=-1.99%, 状态=价格低于均线，可考虑定投, 建议=定投买入
[纳斯达克100] 日期=2026-07-17, 价格=28592.66点, 均线=26336.07点, 偏离度=8.57%, 近1年最高=30660.6点, 回撤=-6.74%, PE=34.76(69.4%), PB=10.21(95.52%), 评级=合理, 状态=价格显著高于均线，考虑减仓, 建议=持有不动

2026-07-18 03:18:59,800 [INFO] 日志备用渠道已记录
2026-07-18 03:18:59,800 [INFO] PushDeer 推送中...（第 1 次尝试）
2026-07-18 03:19:01,280 [INFO] PushDeer 推送成功
2026-07-18 03:19:01,281 [INFO] 状态文件已保存: /home/runner/work/auto-invest-reminder/auto-invest-reminder/logs/combined_20260718_status.json
2026-07-18 03:19:01,281 [INFO] ==================================================
2026-07-18 03:19:01,281 [INFO] 脚本执行完成 - 成功
2026-07-18 03:19:01,281 [INFO] 摘要: ETF: 成功 | 纳斯达克: 成功 | 推送: 成功
2026-07-18 03:19:01,281 [INFO] ==================================================
2026-07-18 10:48:21,264 [INFO] ==================================================
2026-07-18 10:48:21,265 [INFO] 合并定投提醒脚本启动 - 20260718
2026-07-18 10:48:21,265 [INFO] ==================================================
2026-07-18 10:48:21,265 [INFO] --- 获取 515450 ETF 数据 ---
2026-07-18 10:48:23,916 [INFO] 515450红利低波50ETF 数据获取成功，共 1551 条记录（第 1 次尝试）
2026-07-18 10:48:23,917 [INFO] 指标计算完成: 当前价格=1.40元, 250日均线=1.42元, 偏离度=-1.99%
2026-07-18 10:48:23,917 [INFO] 515450红利低波50ETF 分析完成: 价格低于均线，可考虑定投
2026-07-18 10:48:23,917 [INFO] --- 获取纳斯达克100指数数据 ---
2026-07-18 10:48:24,093 [INFO] 纳斯达克100指数 数据获取成功，共 3121 条记录（第 1 次尝试）
2026-07-18 10:48:24,095 [INFO] 指标计算完成: 当前价格=28592.66点, 200日均线=26336.07点, 偏离度=+8.57%
2026-07-18 10:48:24,095 [INFO] nasdaq_valuation_fetcher 模块不可用，尝试蛋卷基金API...
2026-07-18 10:48:24,095 [DEBUG] 请求蛋卷API: https://danjuanfunds.com/djapi/index_eva/pe_history/NDX?day=all
2026-07-18 10:48:24,856 [INFO] 蛋卷 NDX PE 获取成功, 513 条记录, 当前值=34.7613
2026-07-18 10:48:24,857 [DEBUG] 请求蛋卷API: https://danjuanfunds.com/djapi/index_eva/pb_history/NDX?day=all
2026-07-18 10:48:25,753 [INFO] 蛋卷 NDX PB 获取成功, 513 条记录, 当前值=10.2092
2026-07-18 10:48:25,755 [INFO] 纳斯达克100指数 分析完成: 价格显著高于均线，考虑减仓
2026-07-18 10:48:25,755 [INFO] 推送消息已构建
2026-07-18 10:48:25,755 [DEBUG] 消息内容:
【Trae】定投偏离度 - 2026-07-17

### 515450红利低波50ETF

- 当前价格：1.4元
- 250日均线：1.42元
- 偏离度：-2.0%
- 状态：价格低于均线，可考虑定投
- 建议：定投买入

> 偏离度≤6%持有60天胜率100%收益6%
---
### 纳斯达克100指数

- 当前价格：28592.66点
- 200日均线：26336.07点
- 偏离度：+8.6%
- 近1年最高：30660.6点
- 回撤幅度：-6.7%
- PE：34.76（近10年 69.4% 百分位）
- PB：10.21（近10年 95.52% 百分位）
- 状态：价格显著高于均线，考虑减仓
- 建议：持有不动

> 纳斯达克100每年都会有15%~20%的回撤，只有超过这个幅度的回撤才考虑加仓
============================================================
日志备用渠道 - 2026-07-18T18:48:25.755395+08:00
============================================================
[515450ETF] 日期=2026-07-17, 价格=1.4元, 均线=1.42元, 偏离度=-1.99%, 状态=价格低于均线，可考虑定投, 建议=定投买入
[纳斯达克100] 日期=2026-07-17, 价格=28592.66点, 均线=26336.07点, 偏离度=8.57%, 近1年最高=30660.6点, 回撤=-6.74%, PE=34.76(69.4%), PB=10.21(95.52%), 评级=合理, 状态=价格显著高于均线，考虑减仓, 建议=持有不动

2026-07-18 10:48:25,755 [INFO] 日志备用渠道已记录
2026-07-18 10:48:25,755 [INFO] PushDeer 推送中...（第 1 次尝试）
2026-07-18 10:48:27,808 [INFO] PushDeer 推送成功
2026-07-18 10:48:27,809 [INFO] 状态文件已保存: /home/runner/work/auto-invest-reminder/auto-invest-reminder/logs/combined_20260718_status.json
2026-07-18 10:48:27,810 [INFO] ==================================================
2026-07-18 10:48:27,810 [INFO] 脚本执行完成 - 成功
2026-07-18 10:48:27,810 [INFO] 摘要: ETF: 成功 | 纳斯达克: 成功 | 推送: 成功
2026-07-18 10:48:27,810 [INFO] ==================================================
2026-07-18 10:57:56,587 [INFO] ==================================================
2026-07-18 10:57:56,587 [INFO] 合并定投提醒脚本启动 - 20260718
2026-07-18 10:57:56,587 [INFO] ==================================================
2026-07-18 10:57:56,587 [INFO] --- 获取 515450 ETF 数据 ---
2026-07-18 10:57:58,583 [INFO] 515450红利低波50ETF 数据获取成功，共 1551 条记录（第 1 次尝试）
2026-07-18 10:57:58,585 [INFO] 指标计算完成: 当前价格=1.40元, 250日均线=1.42元, 偏离度=-1.99%
2026-07-18 10:57:58,585 [INFO] 515450红利低波50ETF 分析完成: 价格低于均线，可考虑定投
2026-07-18 10:57:58,585 [INFO] --- 获取纳斯达克100指数数据 ---
2026-07-18 10:57:58,771 [INFO] 纳斯达克100指数 数据获取成功，共 3121 条记录（第 1 次尝试）
2026-07-18 10:57:58,773 [INFO] 指标计算完成: 当前价格=28592.66点, 200日均线=26336.07点, 偏离度=+8.57%
2026-07-18 10:57:58,773 [INFO] nasdaq_valuation_fetcher 模块不可用，尝试蛋卷基金API...
2026-07-18 10:57:58,774 [DEBUG] 请求蛋卷API: https://danjuanfunds.com/djapi/index_eva/pe_history/NDX?day=all
2026-07-18 10:57:59,438 [INFO] 蛋卷 NDX PE 获取成功, 513 条记录, 当前值=34.7613
2026-07-18 10:57:59,439 [DEBUG] 请求蛋卷API: https://danjuanfunds.com/djapi/index_eva/pb_history/NDX?day=all
2026-07-18 10:58:00,332 [INFO] 蛋卷 NDX PB 获取成功, 513 条记录, 当前值=10.2092
2026-07-18 10:58:00,333 [INFO] 纳斯达克100指数 分析完成: 价格显著高于均线，考虑减仓
2026-07-18 10:58:00,334 [INFO] 推送消息已构建
2026-07-18 10:58:00,334 [DEBUG] 消息内容:
【Trae】定投偏离度 - 2026-07-17

### 515450红利低波50ETF

- 当前价格：1.4元
- 250日均线：1.42元
- 偏离度：-2.0%
- 状态：价格低于均线，可考虑定投
- 建议：定投买入

> 偏离度≤6%持有60天胜率100%收益6%
---
### 纳斯达克100指数

- 当前价格：28592.66点
- 200日均线：26336.07点
- 偏离度：+8.6%
- 近1年最高：30660.6点
- 回撤幅度：-6.7%
- PE：34.76（近10年 69.4% 百分位）
- PB：10.21（近10年 95.52% 百分位）
- 状态：价格显著高于均线，考虑减仓
- 建议：持有不动

> 纳斯达克100每年都会有15%~20%的回撤，只有超过这个幅度的回撤才考虑加仓
> 偏离度低于 -5% 重仓抄底（历史胜率100%）
============================================================
日志备用渠道 - 2026-07-18T18:58:00.334574+08:00
============================================================
[515450ETF] 日期=2026-07-17, 价格=1.4元, 均线=1.42元, 偏离度=-1.99%, 状态=价格低于均线，可考虑定投, 建议=定投买入
[纳斯达克100] 日期=2026-07-17, 价格=28592.66点, 均线=26336.07点, 偏离度=8.57%, 近1年最高=30660.6点, 回撤=-6.74%, PE=34.76(69.4%), PB=10.21(95.52%), 评级=合理, 状态=价格显著高于均线，考虑减仓, 建议=持有不动

2026-07-18 10:58:00,334 [INFO] 日志备用渠道已记录
2026-07-18 10:58:00,334 [INFO] PushDeer 推送中...（第 1 次尝试）
2026-07-18 10:58:01,780 [INFO] PushDeer 推送成功
2026-07-18 10:58:01,782 [INFO] 状态文件已保存: /home/runner/work/auto-invest-reminder/auto-invest-reminder/logs/combined_20260718_status.json
2026-07-18 10:58:01,782 [INFO] ==================================================
2026-07-18 10:58:01,782 [INFO] 脚本执行完成 - 成功
2026-07-18 10:58:01,782 [INFO] 摘要: ETF: 成功 | 纳斯达克: 成功 | 推送: 成功
2026-07-18 10:58:01,782 [INFO] ==================================================
2026-07-18 12:04:13,381 [INFO] ==================================================
2026-07-18 12:04:13,381 [INFO] 合并定投提醒脚本启动 - 20260718
2026-07-18 12:04:13,381 [INFO] ==================================================
2026-07-18 12:04:13,381 [INFO] --- 获取 515450 ETF 数据 ---
2026-07-18 12:04:15,683 [INFO] 515450红利低波50ETF 数据获取成功，共 1551 条记录（第 1 次尝试）
2026-07-18 12:04:15,684 [INFO] 指标计算完成: 当前价格=1.40元, 250日均线=1.42元, 偏离度=-1.99%
2026-07-18 12:04:15,684 [INFO] 515450红利低波50ETF 分析完成: 价格低于均线，可考虑定投
2026-07-18 12:04:15,685 [INFO] --- 获取纳斯达克100指数数据 ---
2026-07-18 12:04:15,814 [INFO] 纳斯达克100指数 数据获取成功，共 3121 条记录（第 1 次尝试）
2026-07-18 12:04:15,816 [INFO] 指标计算完成: 当前价格=28592.66点, 200日均线=26336.07点, 偏离度=+8.57%
2026-07-18 12:04:15,816 [INFO] nasdaq_valuation_fetcher 模块不可用，尝试蛋卷基金API...
2026-07-18 12:04:15,816 [DEBUG] 请求蛋卷API: https://danjuanfunds.com/djapi/index_eva/pe_history/NDX?day=all
2026-07-18 12:04:16,766 [INFO] 蛋卷 NDX PE 获取成功, 513 条记录, 当前值=34.7613
2026-07-18 12:04:16,767 [DEBUG] 请求蛋卷API: https://danjuanfunds.com/djapi/index_eva/pb_history/NDX?day=all
2026-07-18 12:04:17,620 [INFO] 蛋卷 NDX PB 获取成功, 513 条记录, 当前值=10.2092
2026-07-18 12:04:17,621 [INFO] 纳斯达克100指数 分析完成: 价格显著高于均线，考虑减仓
2026-07-18 12:04:17,621 [INFO] 推送消息已构建
2026-07-18 12:04:17,621 [DEBUG] 消息内容:
【Trae】定投偏离度 - 2026-07-17

### 515450红利低波50ETF

- 当前价格：1.4元
- 250日均线：1.42元
- 偏离度：-2.0%
- 状态：价格低于均线，可考虑定投
- 建议：定投买入

> 偏离度≤6%可以100%胜率allin持有60天胜率收益6%，出现日期2022年10-11月、2023年12月-2024年1月、2024年9月，以及最近的 2026年6月底-7月初
---
### 纳斯达克100指数

- 当前价格：28592.66点
- 200日均线：26336.07点
- 偏离度：+8.6%
- 近1年最高：30660.6点
- 回撤幅度：-6.7%
- PE：34.76（近10年 69.4% 百分位）
- PB：10.21（近10年 95.52% 百分位）
- 状态：价格显著高于均线，考虑减仓
- 建议：持有不动

> 回撤：每年都会有15%~20%的回撤，重点关注
> Allin：偏离度<-10% allin，持有2年最少赚+27.6%，持有4年最少+117%
> 定投：
> +15% → 100元/天
> +5% ~ +15% → 150元/天
> 0% ~ +5% → 300元/天
> -5% ~ 0% → 1500元/天
> -10% ~ -5% → 3000元/天
> < -10% → 4000元/天 + 梭哈
============================================================
日志备用渠道 - 2026-07-18T20:04:17.621880+08:00
============================================================
[515450ETF] 日期=2026-07-17, 价格=1.4元, 均线=1.42元, 偏离度=-1.99%, 状态=价格低于均线，可考虑定投, 建议=定投买入
[纳斯达克100] 日期=2026-07-17, 价格=28592.66点, 均线=26336.07点, 偏离度=8.57%, 近1年最高=30660.6点, 回撤=-6.74%, PE=34.76(69.4%), PB=10.21(95.52%), 评级=合理, 状态=价格显著高于均线，考虑减仓, 建议=持有不动

2026-07-18 12:04:17,621 [INFO] 日志备用渠道已记录
2026-07-18 12:04:17,622 [INFO] PushDeer 推送中...（第 1 次尝试）
2026-07-18 12:04:19,847 [INFO] PushDeer 推送成功
2026-07-18 12:04:19,848 [INFO] 状态文件已保存: /home/runner/work/auto-invest-reminder/auto-invest-reminder/logs/combined_20260718_status.json
2026-07-18 12:04:19,848 [INFO] ==================================================
2026-07-18 12:04:19,848 [INFO] 脚本执行完成 - 成功
2026-07-18 12:04:19,848 [INFO] 摘要: ETF: 成功 | 纳斯达克: 成功 | 推送: 成功
2026-07-18 12:04:19,848 [INFO] ==================================================
2026-07-18 12:06:57,704 [INFO] ==================================================
2026-07-18 12:06:57,704 [INFO] 合并定投提醒脚本启动 - 20260718
2026-07-18 12:06:57,704 [INFO] ==================================================
2026-07-18 12:06:57,704 [INFO] --- 获取 515450 ETF 数据 ---
2026-07-18 12:07:00,118 [INFO] 515450红利低波50ETF 数据获取成功，共 1551 条记录（第 1 次尝试）
2026-07-18 12:07:00,119 [INFO] 指标计算完成: 当前价格=1.40元, 250日均线=1.42元, 偏离度=-1.99%
2026-07-18 12:07:00,119 [INFO] 515450红利低波50ETF 分析完成: 价格低于均线，可考虑定投
2026-07-18 12:07:00,119 [INFO] --- 获取纳斯达克100指数数据 ---
2026-07-18 12:07:00,263 [INFO] 纳斯达克100指数 数据获取成功，共 3121 条记录（第 1 次尝试）
2026-07-18 12:07:00,265 [INFO] 指标计算完成: 当前价格=28592.66点, 200日均线=26336.07点, 偏离度=+8.57%
2026-07-18 12:07:00,265 [INFO] nasdaq_valuation_fetcher 模块不可用，尝试蛋卷基金API...
2026-07-18 12:07:00,265 [DEBUG] 请求蛋卷API: https://danjuanfunds.com/djapi/index_eva/pe_history/NDX?day=all
2026-07-18 12:07:00,944 [INFO] 蛋卷 NDX PE 获取成功, 513 条记录, 当前值=34.7613
2026-07-18 12:07:00,945 [DEBUG] 请求蛋卷API: https://danjuanfunds.com/djapi/index_eva/pb_history/NDX?day=all
2026-07-18 12:07:01,703 [INFO] 蛋卷 NDX PB 获取成功, 513 条记录, 当前值=10.2092
2026-07-18 12:07:01,704 [INFO] 纳斯达克100指数 分析完成: 价格显著高于均线，考虑减仓
2026-07-18 12:07:01,705 [INFO] 推送消息已构建
2026-07-18 12:07:01,705 [DEBUG] 消息内容:
【Trae】定投偏离度 - 2026-07-17

### 515450红利低波50ETF

- 当前价格：1.4元
- 250日均线：1.42元
- 偏离度：-2.0%
- 状态：价格低于均线，可考虑定投
- 建议：定投买入

> 偏离度≤6%可以100%胜率allin持有60天胜率收益6%，出现日期2022年10-11月、2023年12月-2024年1月、2024年9月，以及最近的 2026年6月底-7月初
---
### 纳斯达克100指数

- 当前价格：28592.66点
- 200日均线：26336.07点
- 偏离度：+8.6%
- 近1年最高：30660.6点
- 回撤幅度：-6.7%
- PE：34.76（近10年 69.4% 百分位）
- PB：10.21（近10年 95.52% 百分位）
- 状态：价格显著高于均线，考虑减仓
- 建议：持有不动

> 回撤：每年都会有15%~20%的回撤，重点关注
> Allin：偏离度<-10% allin，持有2年最少赚+27.6%，持有4年最少+117%
>
> 定投：
> +15% → 100元/天
> +5% ~ +15% → 150元/天
> 0% ~ +5% → 300元/天
> -5% ~ 0% → 1500元/天
> -10% ~ -5% → 3000元/天
> < -10% → 4000元/天 + 梭哈
============================================================
日志备用渠道 - 2026-07-18T20:07:01.705389+08:00
============================================================
[515450ETF] 日期=2026-07-17, 价格=1.4元, 均线=1.42元, 偏离度=-1.99%, 状态=价格低于均线，可考虑定投, 建议=定投买入
[纳斯达克100] 日期=2026-07-17, 价格=28592.66点, 均线=26336.07点, 偏离度=8.57%, 近1年最高=30660.6点, 回撤=-6.74%, PE=34.76(69.4%), PB=10.21(95.52%), 评级=合理, 状态=价格显著高于均线，考虑减仓, 建议=持有不动

2026-07-18 12:07:01,705 [INFO] 日志备用渠道已记录
2026-07-18 12:07:01,705 [INFO] PushDeer 推送中...（第 1 次尝试）
2026-07-18 12:07:03,093 [INFO] PushDeer 推送成功
2026-07-18 12:07:03,095 [INFO] 状态文件已保存: /home/runner/work/auto-invest-reminder/auto-invest-reminder/logs/combined_20260718_status.json
2026-07-18 12:07:03,095 [INFO] ==================================================
2026-07-18 12:07:03,095 [INFO] 脚本执行完成 - 成功
2026-07-18 12:07:03,095 [INFO] 摘要: ETF: 成功 | 纳斯达克: 成功 | 推送: 成功
2026-07-18 12:07:03,095 [INFO] ==================================================
2026-07-18 12:08:58,749 [INFO] ==================================================
2026-07-18 12:08:58,749 [INFO] 合并定投提醒脚本启动 - 20260718
2026-07-18 12:08:58,749 [INFO] ==================================================
2026-07-18 12:08:58,749 [INFO] --- 获取 515450 ETF 数据 ---
2026-07-18 12:09:00,559 [INFO] 515450红利低波50ETF 数据获取成功，共 1551 条记录（第 1 次尝试）
2026-07-18 12:09:00,560 [INFO] 指标计算完成: 当前价格=1.40元, 250日均线=1.42元, 偏离度=-1.99%
2026-07-18 12:09:00,560 [INFO] 515450红利低波50ETF 分析完成: 价格低于均线，可考虑定投
2026-07-18 12:09:00,560 [INFO] --- 获取纳斯达克100指数数据 ---
2026-07-18 12:09:00,712 [INFO] 纳斯达克100指数 数据获取成功，共 3121 条记录（第 1 次尝试）
2026-07-18 12:09:00,713 [INFO] 指标计算完成: 当前价格=28592.66点, 200日均线=26336.07点, 偏离度=+8.57%
2026-07-18 12:09:00,714 [INFO] nasdaq_valuation_fetcher 模块不可用，尝试蛋卷基金API...
2026-07-18 12:09:00,714 [DEBUG] 请求蛋卷API: https://danjuanfunds.com/djapi/index_eva/pe_history/NDX?day=all
2026-07-18 12:09:01,671 [INFO] 蛋卷 NDX PE 获取成功, 513 条记录, 当前值=34.7613
2026-07-18 12:09:01,672 [DEBUG] 请求蛋卷API: https://danjuanfunds.com/djapi/index_eva/pb_history/NDX?day=all
2026-07-18 12:09:02,604 [INFO] 蛋卷 NDX PB 获取成功, 513 条记录, 当前值=10.2092
2026-07-18 12:09:02,605 [INFO] 纳斯达克100指数 分析完成: 价格显著高于均线，考虑减仓
2026-07-18 12:09:02,606 [INFO] 推送消息已构建
2026-07-18 12:09:02,606 [DEBUG] 消息内容:
【Trae】定投偏离度 - 2026-07-17

### 515450红利低波50ETF

- 当前价格：1.4元
- 250日均线：1.42元
- 偏离度：-2.0%
- 状态：价格低于均线，可考虑定投
- 建议：定投买入

> 偏离度≤6%可以100%胜率allin持有60天胜率收益6%，出现日期2022年10-11月、2023年12月-2024年1月、2024年9月，以及最近的 2026年6月底-7月初
---
### 纳斯达克100指数

- 当前价格：28592.66点
- 200日均线：26336.07点
- 偏离度：+8.6%
- 近1年最高：30660.6点
- 回撤幅度：-6.7%
- PE：34.76（近10年 69.4% 百分位）
- PB：10.21（近10年 95.52% 百分位）
- 状态：价格显著高于均线，考虑减仓
- 建议：持有不动

> 回撤：每年都会有15%~20%的回撤，重点关注
> Allin：偏离度<-10% allin，持有2年最少赚+27.6%，持有4年最少+117%
>
> 定投：
>
> +15% → 100元/天
>
> +5% ~ +15% → 150元/天
>
> 0% ~ +5% → 300元/天
>
> -5% ~ 0% → 1500元/天
>
> -10% ~ -5% → 3000元/天
>
> < -10% → 4000元/天 + 梭哈
============================================================
日志备用渠道 - 2026-07-18T20:09:02.606331+08:00
============================================================
[515450ETF] 日期=2026-07-17, 价格=1.4元, 均线=1.42元, 偏离度=-1.99%, 状态=价格低于均线，可考虑定投, 建议=定投买入
[纳斯达克100] 日期=2026-07-17, 价格=28592.66点, 均线=26336.07点, 偏离度=8.57%, 近1年最高=30660.6点, 回撤=-6.74%, PE=34.76(69.4%), PB=10.21(95.52%), 评级=合理, 状态=价格显著高于均线，考虑减仓, 建议=持有不动

2026-07-18 12:09:02,606 [INFO] 日志备用渠道已记录
2026-07-18 12:09:02,606 [INFO] PushDeer 推送中...（第 1 次尝试）
2026-07-18 12:09:04,146 [INFO] PushDeer 推送成功
2026-07-18 12:09:04,148 [INFO] 状态文件已保存: /home/runner/work/auto-invest-reminder/auto-invest-reminder/logs/combined_20260718_status.json
2026-07-18 12:09:04,148 [INFO] ==================================================
2026-07-18 12:09:04,148 [INFO] 脚本执行完成 - 成功
2026-07-18 12:09:04,148 [INFO] 摘要: ETF: 成功 | 纳斯达克: 成功 | 推送: 成功
2026-07-18 12:09:04,148 [INFO] ==================================================
2026-07-19 03:39:58,366 [INFO] ==================================================
2026-07-19 03:39:58,366 [INFO] 合并定投提醒脚本启动 - 20260719
2026-07-19 03:39:58,366 [INFO] ==================================================
2026-07-19 03:39:58,366 [INFO] --- 获取 515450 ETF 数据 ---
2026-07-19 03:40:00,561 [INFO] 515450红利低波50ETF 数据获取成功，共 1551 条记录（第 1 次尝试）
2026-07-19 03:40:00,562 [INFO] 指标计算完成: 当前价格=1.40元, 250日均线=1.42元, 偏离度=-1.99%
2026-07-19 03:40:00,562 [INFO] 515450红利低波50ETF 分析完成: 价格低于均线，可考虑定投
2026-07-19 03:40:00,562 [INFO] --- 获取纳斯达克100指数数据 ---
2026-07-19 03:40:00,720 [INFO] 纳斯达克100指数 数据获取成功，共 3121 条记录（第 1 次尝试）
2026-07-19 03:40:00,721 [INFO] 指标计算完成: 当前价格=28592.66点, 200日均线=26336.07点, 偏离度=+8.57%
2026-07-19 03:40:00,721 [INFO] nasdaq_valuation_fetcher 模块不可用，尝试蛋卷基金API...
2026-07-19 03:40:00,721 [DEBUG] 请求蛋卷API: https://danjuanfunds.com/djapi/index_eva/pe_history/NDX?day=all
2026-07-19 03:40:01,490 [INFO] 蛋卷 NDX PE 获取成功, 513 条记录, 当前值=34.7613
2026-07-19 03:40:01,492 [DEBUG] 请求蛋卷API: https://danjuanfunds.com/djapi/index_eva/pb_history/NDX?day=all
2026-07-19 03:40:02,360 [INFO] 蛋卷 NDX PB 获取成功, 513 条记录, 当前值=10.2092
2026-07-19 03:40:02,361 [INFO] 纳斯达克100指数 分析完成: 价格显著高于均线，考虑减仓
2026-07-19 03:40:02,361 [INFO] 推送消息已构建
2026-07-19 03:40:02,362 [DEBUG] 消息内容:
【Trae】定投偏离度 - 2026-07-17

### 515450红利低波50ETF

- 当前价格：1.4元
- 250日均线：1.42元
- 偏离度：-2.0%
- 状态：价格低于均线，可考虑定投
- 建议：定投买入

> 偏离度≤-6%持有60天胜率100%收益6%，出现日期2022年10-11月、2023年12月-2024年1月、2024年9月，以及最近的 2026年6月底-7月初
---
### 纳斯达克100指数

- 当前价格：28592.66点
- 200日均线：26336.07点
- 偏离度：+8.6%
- 近1年最高：30660.6点
- 回撤幅度：-6.7%
- PE：34.76（近10年 69.4% 百分位）
- PB：10.21（近10年 95.52% 百分位）
- 状态：价格显著高于均线，考虑减仓
- 建议：持有不动

> 回撤：每年都会有15%~20%的回撤，重点关注
> Allin：偏离度<-10% allin，持有2年最少赚+27.6%，持有4年最少+117%
>
> 定投：
>
> +15% → 100元/天
>
> +5% ~ +15% → 150元/天
>
> 0% ~ +5% → 300元/天
>
> -5% ~ 0% → 1500元/天
>
> -10% ~ -5% → 3000元/天
>
> < -10% → 4000元/天 + 梭哈
============================================================
日志备用渠道 - 2026-07-19T11:40:02.362066+08:00
============================================================
[515450ETF] 日期=2026-07-17, 价格=1.4元, 均线=1.42元, 偏离度=-1.99%, 状态=价格低于均线，可考虑定投, 建议=定投买入
[纳斯达克100] 日期=2026-07-17, 价格=28592.66点, 均线=26336.07点, 偏离度=8.57%, 近1年最高=30660.6点, 回撤=-6.74%, PE=34.76(69.4%), PB=10.21(95.52%), 评级=合理, 状态=价格显著高于均线，考虑减仓, 建议=持有不动

2026-07-19 03:40:02,362 [INFO] 日志备用渠道已记录
2026-07-19 03:40:02,362 [INFO] PushDeer 推送中...（第 1 次尝试）
2026-07-19 03:40:03,693 [INFO] PushDeer 推送成功
2026-07-19 03:40:03,694 [INFO] 状态文件已保存: /home/runner/work/auto-invest-reminder/auto-invest-reminder/logs/combined_20260719_status.json
2026-07-19 03:40:03,694 [INFO] ==================================================
2026-07-19 03:40:03,695 [INFO] 脚本执行完成 - 成功
2026-07-19 03:40:03,695 [INFO] 摘要: ETF: 成功 | 纳斯达克: 成功 | 推送: 成功
2026-07-19 03:40:03,695 [INFO] ==================================================
2026-07-20 03:53:59,317 [INFO] ==================================================
2026-07-20 03:53:59,317 [INFO] 合并定投提醒脚本启动 - 20260720
2026-07-20 03:53:59,317 [INFO] ==================================================
2026-07-20 03:53:59,317 [INFO] --- 获取 515450 ETF 数据 ---
2026-07-20 03:54:00,743 [INFO] 515450红利低波50ETF 数据获取成功，共 1551 条记录（第 1 次尝试）
2026-07-20 03:54:00,744 [INFO] 指标计算完成: 当前价格=1.40元, 250日均线=1.42元, 偏离度=-1.99%
2026-07-20 03:54:00,744 [INFO] 515450红利低波50ETF 分析完成: 价格低于均线，可考虑定投
2026-07-20 03:54:00,744 [INFO] --- 获取纳斯达克100指数数据 ---
2026-07-20 03:54:00,930 [INFO] 纳斯达克100指数 数据获取成功，共 3121 条记录（第 1 次尝试）
2026-07-20 03:54:00,932 [INFO] 指标计算完成: 当前价格=28592.66点, 200日均线=26336.07点, 偏离度=+8.57%
2026-07-20 03:54:00,932 [INFO] nasdaq_valuation_fetcher 模块不可用，尝试蛋卷基金API...
2026-07-20 03:54:00,932 [DEBUG] 请求蛋卷API: https://danjuanfunds.com/djapi/index_eva/pe_history/NDX?day=all
2026-07-20 03:54:01,543 [INFO] 蛋卷 NDX PE 获取成功, 513 条记录, 当前值=34.7613
2026-07-20 03:54:01,544 [DEBUG] 请求蛋卷API: https://danjuanfunds.com/djapi/index_eva/pb_history/NDX?day=all
2026-07-20 03:54:02,295 [INFO] 蛋卷 NDX PB 获取成功, 513 条记录, 当前值=10.2092
2026-07-20 03:54:02,297 [INFO] 纳斯达克100指数 分析完成: 价格显著高于均线，考虑减仓
2026-07-20 03:54:02,297 [INFO] 推送消息已构建
2026-07-20 03:54:02,297 [DEBUG] 消息内容:
【Trae】定投偏离度 - 2026-07-17

### 515450红利低波50ETF

- 当前价格：1.4元
- 250日均线：1.42元
- 偏离度：-2.0%
- 状态：价格低于均线，可考虑定投
- 建议：定投买入

> 偏离度≤-6%持有60天胜率100%收益6%，出现日期2022年10-11月、2023年12月-2024年1月、2024年9月，以及最近的 2026年6月底-7月初
---
### 纳斯达克100指数

- 当前价格：28592.66点
- 200日均线：26336.07点
- 偏离度：+8.6%
- 近1年最高：30660.6点
- 回撤幅度：-6.7%
- PE：34.76（近10年 69.4% 百分位）
- PB：10.21（近10年 95.52% 百分位）
- 状态：价格显著高于均线，考虑减仓
- 建议：持有不动

> 回撤：每年都会有15%~20%的回撤，重点关注
> Allin：偏离度<-10% allin，持有2年最少赚+27.6%，持有4年最少+117%
>
> 定投：
>
> +15% → 100元/天
>
> +5% ~ +15% → 150元/天
>
> 0% ~ +5% → 300元/天
>
> -5% ~ 0% → 1500元/天
>
> -10% ~ -5% → 3000元/天
>
> < -10% → 4000元/天 + 梭哈
============================================================
日志备用渠道 - 2026-07-20T11:54:02.297582+08:00
============================================================
[515450ETF] 日期=2026-07-17, 价格=1.4元, 均线=1.42元, 偏离度=-1.99%, 状态=价格低于均线，可考虑定投, 建议=定投买入
[纳斯达克100] 日期=2026-07-17, 价格=28592.66点, 均线=26336.07点, 偏离度=8.57%, 近1年最高=30660.6点, 回撤=-6.74%, PE=34.76(69.4%), PB=10.21(95.52%), 评级=合理, 状态=价格显著高于均线，考虑减仓, 建议=持有不动

2026-07-20 03:54:02,297 [INFO] 日志备用渠道已记录
2026-07-20 03:54:02,297 [INFO] PushDeer 推送中...（第 1 次尝试）
2026-07-20 03:54:03,690 [INFO] PushDeer 推送成功
2026-07-20 03:54:03,691 [INFO] 状态文件已保存: /home/runner/work/auto-invest-reminder/auto-invest-reminder/logs/combined_20260720_status.json
2026-07-20 03:54:03,691 [INFO] ==================================================
2026-07-20 03:54:03,691 [INFO] 脚本执行完成 - 成功
2026-07-20 03:54:03,691 [INFO] 摘要: ETF: 成功 | 纳斯达克: 成功 | 推送: 成功
2026-07-20 03:54:03,692 [INFO] ==================================================
2026-07-21 03:33:52,712 [INFO] ==================================================
2026-07-21 03:33:52,712 [INFO] 合并定投提醒脚本启动 - 20260721
2026-07-21 03:33:52,712 [INFO] ==================================================
2026-07-21 03:33:52,712 [INFO] --- 获取 515450 ETF 数据 ---
2026-07-21 03:33:55,844 [INFO] 515450红利低波50ETF 数据获取成功，共 1552 条记录（第 1 次尝试）
2026-07-21 03:33:55,845 [INFO] 指标计算完成: 当前价格=1.43元, 250日均线=1.42元, 偏离度=+0.49%
2026-07-21 03:33:55,845 [INFO] 515450红利低波50ETF 分析完成: 价格接近均线，正常区间
2026-07-21 03:33:55,845 [INFO] --- 获取纳斯达克100指数数据 ---
2026-07-21 03:33:56,016 [INFO] 纳斯达克100指数 数据获取成功，共 3122 条记录（第 1 次尝试）
2026-07-21 03:33:56,018 [INFO] 指标计算完成: 当前价格=28604.23点, 200日均线=26355.69点, 偏离度=+8.53%
2026-07-21 03:33:56,018 [INFO] nasdaq_valuation_fetcher 模块不可用，尝试蛋卷基金API...
2026-07-21 03:33:56,018 [DEBUG] 请求蛋卷API: https://danjuanfunds.com/djapi/index_eva/pe_history/NDX?day=all
2026-07-21 03:33:56,769 [INFO] 蛋卷 NDX PE 获取成功, 513 条记录, 当前值=34.8104
2026-07-21 03:33:56,770 [DEBUG] 请求蛋卷API: https://danjuanfunds.com/djapi/index_eva/pb_history/NDX?day=all
2026-07-21 03:33:57,638 [INFO] 蛋卷 NDX PB 获取成功, 513 条记录, 当前值=10.2236
2026-07-21 03:33:57,640 [INFO] 纳斯达克100指数 分析完成: 价格显著高于均线，考虑减仓
2026-07-21 03:33:57,640 [INFO] 推送消息已构建
2026-07-21 03:33:57,640 [DEBUG] 消息内容:
【Trae】定投偏离度 - 2026-07-20

### 515450红利低波50ETF

- 当前价格：1.43元
- 250日均线：1.42元
- 偏离度：+0.5%
- 状态：价格接近均线，正常区间
- 建议：持有不动

> 偏离度≤-6%持有60天胜率100%收益6%，出现日期2022年10-11月、2023年12月-2024年1月、2024年9月，以及最近的 2026年6月底-7月初
---
### 纳斯达克100指数

- 当前价格：28604.23点
- 200日均线：26355.69点
- 偏离度：+8.5%
- 近1年最高：30660.6点
- 回撤幅度：-6.7%
- PE：34.81（近10年 69.59% 百分位）
- PB：10.22（近10年 95.91% 百分位）
- 状态：价格显著高于均线，考虑减仓
- 建议：持有不动

> 回撤：每年都会有15%~20%的回撤，重点关注
> Allin：偏离度<-10% allin，持有2年最少赚+27.6%，持有4年最少+117%
>
> 定投：
>
> +15% → 100元/天
>
> +5% ~ +15% → 150元/天
>
> 0% ~ +5% → 300元/天
>
> -5% ~ 0% → 1500元/天
>
> -10% ~ -5% → 3000元/天
>
> < -10% → 4000元/天 + 梭哈
============================================================
日志备用渠道 - 2026-07-21T11:33:57.641102+08:00
============================================================
[515450ETF] 日期=2026-07-20, 价格=1.43元, 均线=1.42元, 偏离度=0.49%, 状态=价格接近均线，正常区间, 建议=持有不动
[纳斯达克100] 日期=2026-07-20, 价格=28604.23点, 均线=26355.69点, 偏离度=8.53%, 近1年最高=30660.6点, 回撤=-6.71%, PE=34.81(69.59%), PB=10.22(95.91%), 评级=合理, 状态=价格显著高于均线，考虑减仓, 建议=持有不动

2026-07-21 03:33:57,641 [INFO] 日志备用渠道已记录
2026-07-21 03:33:57,641 [INFO] PushDeer 推送中...（第 1 次尝试）
2026-07-21 03:33:59,363 [INFO] PushDeer 推送成功
2026-07-21 03:33:59,365 [INFO] 状态文件已保存: /home/runner/work/auto-invest-reminder/auto-invest-reminder/logs/combined_20260721_status.json
2026-07-21 03:33:59,365 [INFO] ==================================================
2026-07-21 03:33:59,365 [INFO] 脚本执行完成 - 成功
2026-07-21 03:33:59,365 [INFO] 摘要: ETF: 成功 | 纳斯达克: 成功 | 推送: 成功
2026-07-21 03:33:59,365 [INFO] ==================================================
2026-07-22 03:33:00,964 [INFO] ==================================================
2026-07-22 03:33:00,964 [INFO] 合并定投提醒脚本启动 - 20260722
2026-07-22 03:33:00,964 [INFO] ==================================================
2026-07-22 03:33:00,964 [INFO] --- 获取 515450 ETF 数据 ---
2026-07-22 03:33:02,597 [INFO] 515450红利低波50ETF 数据获取成功，共 1553 条记录（第 1 次尝试）
2026-07-22 03:33:02,598 [INFO] 指标计算完成: 当前价格=1.42元, 250日均线=1.42元, 偏离度=-0.54%
2026-07-22 03:33:02,598 [INFO] 515450红利低波50ETF 分析完成: 价格略低于均线，正常区间
2026-07-22 03:33:02,599 [INFO] --- 获取纳斯达克100指数数据 ---
2026-07-22 03:33:02,719 [INFO] 纳斯达克100指数 数据获取成功，共 3123 条记录（第 1 次尝试）
2026-07-22 03:33:02,721 [INFO] 指标计算完成: 当前价格=29155.18点, 200日均线=26377.47点, 偏离度=+10.53%
2026-07-22 03:33:02,721 [INFO] nasdaq_valuation_fetcher 模块不可用，尝试蛋卷基金API...
2026-07-22 03:33:02,721 [DEBUG] 请求蛋卷API: https://danjuanfunds.com/djapi/index_eva/pe_history/NDX?day=all
2026-07-22 03:33:03,329 [INFO] 蛋卷 NDX PE 获取成功, 514 条记录, 当前值=35.1768
2026-07-22 03:33:03,330 [DEBUG] 请求蛋卷API: https://danjuanfunds.com/djapi/index_eva/pb_history/NDX?day=all
2026-07-22 03:33:04,091 [INFO] 蛋卷 NDX PB 获取成功, 514 条记录, 当前值=10.3315
2026-07-22 03:33:04,092 [INFO] 纳斯达克100指数 分析完成: 价格显著高于均线，考虑减仓
2026-07-22 03:33:04,092 [INFO] 推送消息已构建
2026-07-22 03:33:04,092 [DEBUG] 消息内容:
【Trae】定投偏离度 - 2026-07-21

### 515450红利低波50ETF

- 当前价格：1.42元
- 250日均线：1.42元
- 偏离度：-0.5%
- 状态：价格略低于均线，正常区间
- 建议：可小额定投

> 偏离度≤-6%持有60天胜率100%收益6%，出现日期2022年10-11月、2023年12月-2024年1月、2024年9月，以及最近的 2026年6月底-7月初
---
### 纳斯达克100指数

- 当前价格：29155.18点
- 200日均线：26377.47点
- 偏离度：+10.5%
- 近1年最高：30660.6点
- 回撤幅度：-4.9%
- PE：35.18（近10年 73.93% 百分位）
- PB：10.33（近10年 97.67% 百分位）
- 状态：价格显著高于均线，考虑减仓
- 建议：持有不动

> 回撤：每年都会有15%~20%的回撤，重点关注
> Allin：偏离度<-10% allin，持有2年最少赚+27.6%，持有4年最少+117%
>
> 定投：
>
> +15% → 100元/天
>
> +5% ~ +15% → 150元/天
>
> 0% ~ +5% → 300元/天
>
> -5% ~ 0% → 1500元/天
>
> -10% ~ -5% → 3000元/天
>
> < -10% → 4000元/天 + 梭哈
============================================================
日志备用渠道 - 2026-07-22T11:33:04.092832+08:00
============================================================
[515450ETF] 日期=2026-07-21, 价格=1.42元, 均线=1.42元, 偏离度=-0.54%, 状态=价格略低于均线，正常区间, 建议=可小额定投
[纳斯达克100] 日期=2026-07-21, 价格=29155.18点, 均线=26377.47点, 偏离度=10.53%, 近1年最高=30660.6点, 回撤=-4.91%, PE=35.18(73.93%), PB=10.33(97.67%), 评级=高估, 状态=价格显著高于均线，考虑减仓, 建议=持有不动

2026-07-22 03:33:04,092 [INFO] 日志备用渠道已记录
2026-07-22 03:33:04,092 [INFO] PushDeer 推送中...（第 1 次尝试）
2026-07-22 03:33:07,096 [INFO] PushDeer 推送成功
2026-07-22 03:33:07,098 [INFO] 状态文件已保存: /home/runner/work/auto-invest-reminder/auto-invest-reminder/logs/combined_20260722_status.json
2026-07-22 03:33:07,098 [INFO] ==================================================
2026-07-22 03:33:07,098 [INFO] 脚本执行完成 - 成功
2026-07-22 03:33:07,098 [INFO] 摘要: ETF: 成功 | 纳斯达克: 成功 | 推送: 成功
2026-07-22 03:33:07,098 [INFO] ==================================================
2026-07-23 03:37:01,426 [INFO] ==================================================
2026-07-23 03:37:01,426 [INFO] 合并定投提醒脚本启动 - 20260723
2026-07-23 03:37:01,426 [INFO] ==================================================
2026-07-23 03:37:01,426 [INFO] --- 获取 515450 ETF 数据 ---
2026-07-23 03:37:05,367 [INFO] 515450红利低波50ETF 数据获取成功，共 1554 条记录（第 1 次尝试）
2026-07-23 03:37:05,368 [INFO] 指标计算完成: 当前价格=1.42元, 250日均线=1.42元, 偏离度=-0.10%
2026-07-23 03:37:05,368 [INFO] 515450红利低波50ETF 分析完成: 价格略低于均线，正常区间
2026-07-23 03:37:05,368 [INFO] --- 获取纳斯达克100指数数据 ---
2026-07-23 03:37:05,559 [INFO] 纳斯达克100指数 数据获取成功，共 3124 条记录（第 1 次尝试）
2026-07-23 03:37:05,560 [INFO] 指标计算完成: 当前价格=28998.10点, 200日均线=26397.99点, 偏离度=+9.85%
2026-07-23 03:37:05,561 [INFO] nasdaq_valuation_fetcher 模块不可用，尝试蛋卷基金API...
2026-07-23 03:37:05,561 [DEBUG] 请求蛋卷API: https://danjuanfunds.com/djapi/index_eva/pe_history/NDX?day=all
2026-07-23 03:37:06,401 [INFO] 蛋卷 NDX PE 获取成功, 514 条记录, 当前值=35.1766
2026-07-23 03:37:06,402 [DEBUG] 请求蛋卷API: https://danjuanfunds.com/djapi/index_eva/pb_history/NDX?day=all
2026-07-23 03:37:07,289 [INFO] 蛋卷 NDX PB 获取成功, 514 条记录, 当前值=9.537
2026-07-23 03:37:07,290 [INFO] 纳斯达克100指数 分析完成: 价格显著高于均线，考虑减仓
2026-07-23 03:37:07,290 [INFO] 推送消息已构建
2026-07-23 03:37:07,290 [DEBUG] 消息内容:
【Trae】定投偏离度 - 2026-07-22

### 515450红利低波50ETF

- 当前价格：1.42元
- 250日均线：1.42元
- 偏离度：-0.1%
- 状态：价格略低于均线，正常区间
- 建议：可小额定投

> 偏离度≤-6%持有60天胜率100%收益6%，出现日期2022年10-11月、2023年12月-2024年1月、2024年9月，以及最近的 2026年6月底-7月初
---
### 纳斯达克100指数

- 当前价格：28998.1点
- 200日均线：26397.99点
- 偏离度：+9.8%
- 近1年最高：30660.6点
- 回撤幅度：-5.4%
- PE：35.18（近10年 73.93% 百分位）
- PB：9.54（近10年 86.77% 百分位）
- 状态：价格显著高于均线，考虑减仓
- 建议：持有不动

> 回撤：每年都会有15%~20%的回撤，重点关注
> Allin：偏离度<-10% allin，持有2年最少赚+27.6%，持有4年最少+117%
>
> 定投：
>
> +15% → 100元/天
>
> +5% ~ +15% → 150元/天
>
> 0% ~ +5% → 300元/天
>
> -5% ~ 0% → 1500元/天
>
> -10% ~ -5% → 3000元/天
>
> < -10% → 4000元/天 + 梭哈
============================================================
日志备用渠道 - 2026-07-23T11:37:07.290824+08:00
============================================================
[515450ETF] 日期=2026-07-22, 价格=1.42元, 均线=1.42元, 偏离度=-0.1%, 状态=价格略低于均线，正常区间, 建议=可小额定投
[纳斯达克100] 日期=2026-07-22, 价格=28998.1点, 均线=26397.99点, 偏离度=9.85%, 近1年最高=30660.6点, 回撤=-5.42%, PE=35.18(73.93%), PB=9.54(86.77%), 评级=高估, 状态=价格显著高于均线，考虑减仓, 建议=持有不动

2026-07-23 03:37:07,290 [INFO] 日志备用渠道已记录
2026-07-23 03:37:07,290 [INFO] PushDeer 推送中...（第 1 次尝试）
2026-07-23 03:37:08,907 [INFO] PushDeer 推送成功
2026-07-23 03:37:08,908 [INFO] 状态文件已保存: /home/runner/work/auto-invest-reminder/auto-invest-reminder/logs/combined_20260723_status.json
2026-07-23 03:37:08,908 [INFO] ==================================================
2026-07-23 03:37:08,908 [INFO] 脚本执行完成 - 成功
2026-07-23 03:37:08,908 [INFO] 摘要: ETF: 成功 | 纳斯达克: 成功 | 推送: 成功
2026-07-23 03:37:08,908 [INFO] ==================================================
2026-07-24 03:34:10,026 [INFO] ==================================================
2026-07-24 03:34:10,026 [INFO] 合并定投提醒脚本启动 - 20260724
2026-07-24 03:34:10,026 [INFO] ==================================================
2026-07-24 03:34:10,026 [INFO] --- 获取 515450 ETF 数据 ---
2026-07-24 03:34:12,054 [INFO] 515450红利低波50ETF 数据获取成功，共 1555 条记录（第 1 次尝试）
2026-07-24 03:34:12,055 [INFO] 指标计算完成: 当前价格=1.43元, 250日均线=1.42元, 偏离度=+0.28%
2026-07-24 03:34:12,055 [INFO] 515450红利低波50ETF 分析完成: 价格接近均线，正常区间
2026-07-24 03:34:12,055 [INFO] --- 获取纳斯达克100指数数据 ---
2026-07-24 03:34:12,322 [INFO] 纳斯达克100指数 数据获取成功，共 3125 条记录（第 1 次尝试）
2026-07-24 03:34:12,323 [INFO] 指标计算完成: 当前价格=28454.81点, 200日均线=26416.34点, 偏离度=+7.72%
2026-07-24 03:34:12,324 [INFO] nasdaq_valuation_fetcher 模块不可用，尝试蛋卷基金API...
2026-07-24 03:34:12,324 [DEBUG] 请求蛋卷API: https://danjuanfunds.com/djapi/index_eva/pe_history/NDX?day=all
2026-07-24 03:34:13,034 [INFO] 蛋卷 NDX PE 获取成功, 513 条记录, 当前值=30.267
2026-07-24 03:34:13,035 [DEBUG] 请求蛋卷API: https://danjuanfunds.com/djapi/index_eva/pb_history/NDX?day=all
2026-07-24 03:34:13,666 [INFO] 蛋卷 NDX PB 获取成功, 513 条记录, 当前值=9.3227
2026-07-24 03:34:13,667 [INFO] 纳斯达克100指数 分析完成: 价格显著高于均线，考虑减仓
2026-07-24 03:34:13,667 [INFO] 推送消息已构建
2026-07-24 03:34:13,667 [DEBUG] 消息内容:
【Trae】定投偏离度 - 2026-07-23

### 515450红利低波50ETF

- 当前价格：1.43元
- 250日均线：1.42元
- 偏离度：+0.3%
- 状态：价格接近均线，正常区间
- 建议：持有不动

> 偏离度≤-6%持有60天胜率100%收益6%，出现日期2022年10-11月、2023年12月-2024年1月、2024年9月，以及最近的 2026年6月底-7月初
---
### 纳斯达克100指数

- 当前价格：28454.81点
- 200日均线：26416.34点
- 偏离度：+7.7%
- 近1年最高：30660.6点
- 回撤幅度：-7.2%
- PE：30.27（近10年 46.2% 百分位）
- PB：9.32（近10年 80.51% 百分位）
- 状态：价格显著高于均线，考虑减仓
- 建议：持有不动

> 回撤：每年都会有15%~20%的回撤，重点关注
> Allin：偏离度<-10% allin，持有2年最少赚+27.6%，持有4年最少+117%
>
> 定投：
>
> +15% → 100元/天
>
> +5% ~ +15% → 150元/天
>
> 0% ~ +5% → 300元/天
>
> -5% ~ 0% → 1500元/天
>
> -10% ~ -5% → 3000元/天
>
> < -10% → 4000元/天 + 梭哈
============================================================
日志备用渠道 - 2026-07-24T11:34:13.667701+08:00
============================================================
[515450ETF] 日期=2026-07-23, 价格=1.43元, 均线=1.42元, 偏离度=0.28%, 状态=价格接近均线，正常区间, 建议=持有不动
[纳斯达克100] 日期=2026-07-23, 价格=28454.81点, 均线=26416.34点, 偏离度=7.72%, 近1年最高=30660.6点, 回撤=-7.19%, PE=30.27(46.2%), PB=9.32(80.51%), 评级=合理, 状态=价格显著高于均线，考虑减仓, 建议=持有不动

2026-07-24 03:34:13,667 [INFO] 日志备用渠道已记录
2026-07-24 03:34:13,667 [INFO] PushDeer 推送中...（第 1 次尝试）
2026-07-24 03:34:15,125 [INFO] PushDeer 推送成功
2026-07-24 03:34:15,127 [INFO] 状态文件已保存: /home/runner/work/auto-invest-reminder/auto-invest-reminder/logs/combined_20260724_status.json
2026-07-24 03:34:15,127 [INFO] ==================================================
2026-07-24 03:34:15,127 [INFO] 脚本执行完成 - 成功
2026-07-24 03:34:15,127 [INFO] 摘要: ETF: 成功 | 纳斯达克: 成功 | 推送: 成功
2026-07-24 03:34:15,127 [INFO] ==================================================
2026-07-25 03:31:11,622 [INFO] ==================================================
2026-07-25 03:31:11,622 [INFO] 合并定投提醒脚本启动 - 20260725
2026-07-25 03:31:11,622 [INFO] ==================================================
2026-07-25 03:31:11,623 [INFO] --- 获取 515450 ETF 数据 ---
2026-07-25 03:31:13,883 [INFO] 515450红利低波50ETF 数据获取成功，共 1556 条记录（第 1 次尝试）
2026-07-25 03:31:13,884 [INFO] 指标计算完成: 当前价格=1.42元, 250日均线=1.42元, 偏离度=-0.47%
2026-07-25 03:31:13,884 [INFO] 515450红利低波50ETF 分析完成: 价格略低于均线，正常区间
2026-07-25 03:31:13,884 [INFO] --- 获取纳斯达克100指数数据 ---
2026-07-25 03:31:14,332 [INFO] 纳斯达克100指数 数据获取成功，共 3126 条记录（第 1 次尝试）
2026-07-25 03:31:14,334 [INFO] 指标计算完成: 当前价格=28128.34点, 200日均线=26432.09点, 偏离度=+6.42%
2026-07-25 03:31:14,334 [INFO] nasdaq_valuation_fetcher 模块不可用，尝试蛋卷基金API...
2026-07-25 03:31:14,334 [DEBUG] 请求蛋卷API: https://danjuanfunds.com/djapi/index_eva/pe_history/NDX?day=all
2026-07-25 03:31:15,184 [INFO] 蛋卷 NDX PE 获取成功, 513 条记录, 当前值=30.1128
2026-07-25 03:31:15,186 [DEBUG] 请求蛋卷API: https://danjuanfunds.com/djapi/index_eva/pb_history/NDX?day=all
2026-07-25 03:31:16,187 [INFO] 蛋卷 NDX PB 获取成功, 513 条记录, 当前值=9.2752
2026-07-25 03:31:16,188 [INFO] 纳斯达克100指数 分析完成: 价格显著高于均线，考虑减仓
2026-07-25 03:31:16,189 [INFO] 推送消息已构建
2026-07-25 03:31:16,189 [DEBUG] 消息内容:
【Trae】定投偏离度 - 2026-07-24

### 515450红利低波50ETF

- 当前价格：1.42元
- 250日均线：1.42元
- 偏离度：-0.5%
- 状态：价格略低于均线，正常区间
- 建议：可小额定投

> 偏离度≤-6%持有60天胜率100%收益6%，出现日期2022年10-11月、2023年12月-2024年1月、2024年9月，以及最近的 2026年6月底-7月初
---
### 纳斯达克100指数

- 当前价格：28128.34点
- 200日均线：26432.09点
- 偏离度：+6.4%
- 近1年最高：30660.6点
- 回撤幅度：-8.3%
- PE：30.11（近10年 45.42% 百分位）
- PB：9.28（近10年 79.73% 百分位）
- 状态：价格显著高于均线，考虑减仓
- 建议：持有不动

> 回撤：每年都会有15%~20%的回撤，重点关注
> Allin：偏离度<-10% allin，持有2年最少赚+27.6%，持有4年最少+117%
>
> 定投：
>
> +15% → 100元/天
>
> +5% ~ +15% → 150元/天
>
> 0% ~ +5% → 300元/天
>
> -5% ~ 0% → 1500元/天
>
> -10% ~ -5% → 3000元/天
>
> < -10% → 4000元/天 + 梭哈
============================================================
日志备用渠道 - 2026-07-25T11:31:16.189554+08:00
============================================================
[515450ETF] 日期=2026-07-24, 价格=1.42元, 均线=1.42元, 偏离度=-0.47%, 状态=价格略低于均线，正常区间, 建议=可小额定投
[纳斯达克100] 日期=2026-07-24, 价格=28128.34点, 均线=26432.09点, 偏离度=6.42%, 近1年最高=30660.6点, 回撤=-8.26%, PE=30.11(45.42%), PB=9.28(79.73%), 评级=合理, 状态=价格显著高于均线，考虑减仓, 建议=持有不动

2026-07-25 03:31:16,189 [INFO] 日志备用渠道已记录
2026-07-25 03:31:16,189 [INFO] PushDeer 推送中...（第 1 次尝试）
2026-07-25 03:31:17,812 [INFO] PushDeer 推送成功
2026-07-25 03:31:17,813 [INFO] 状态文件已保存: /home/runner/work/auto-invest-reminder/auto-invest-reminder/logs/combined_20260725_status.json
2026-07-25 03:31:17,813 [INFO] ==================================================
2026-07-25 03:31:17,813 [INFO] 脚本执行完成 - 成功
2026-07-25 03:31:17,814 [INFO] 摘要: ETF: 成功 | 纳斯达克: 成功 | 推送: 成功
2026-07-25 03:31:17,814 [INFO] ==================================================
2026-07-26 03:46:03,069 [INFO] ==================================================
2026-07-26 03:46:03,069 [INFO] 合并定投提醒脚本启动 - 20260726
2026-07-26 03:46:03,069 [INFO] ==================================================
2026-07-26 03:46:03,069 [INFO] --- 获取 515450 ETF 数据 ---
2026-07-26 03:46:05,770 [INFO] 515450红利低波50ETF 数据获取成功，共 1556 条记录（第 1 次尝试）
2026-07-26 03:46:05,772 [INFO] 指标计算完成: 当前价格=1.42元, 250日均线=1.42元, 偏离度=-0.47%
2026-07-26 03:46:05,772 [INFO] 515450红利低波50ETF 分析完成: 价格略低于均线，正常区间
2026-07-26 03:46:05,772 [INFO] --- 获取纳斯达克100指数数据 ---
2026-07-26 03:46:06,242 [INFO] 纳斯达克100指数 数据获取成功，共 3126 条记录（第 1 次尝试）
2026-07-26 03:46:06,244 [INFO] 指标计算完成: 当前价格=28128.34点, 200日均线=26432.09点, 偏离度=+6.42%
2026-07-26 03:46:06,244 [INFO] nasdaq_valuation_fetcher 模块不可用，尝试蛋卷基金API...
2026-07-26 03:46:06,244 [DEBUG] 请求蛋卷API: https://danjuanfunds.com/djapi/index_eva/pe_history/NDX?day=all
2026-07-26 03:46:07,170 [INFO] 蛋卷 NDX PE 获取成功, 513 条记录, 当前值=30.1128
2026-07-26 03:46:07,171 [DEBUG] 请求蛋卷API: https://danjuanfunds.com/djapi/index_eva/pb_history/NDX?day=all
2026-07-26 03:46:07,971 [INFO] 蛋卷 NDX PB 获取成功, 513 条记录, 当前值=9.2752
2026-07-26 03:46:07,973 [INFO] 纳斯达克100指数 分析完成: 价格显著高于均线，考虑减仓
2026-07-26 03:46:07,973 [INFO] 推送消息已构建
2026-07-26 03:46:07,973 [DEBUG] 消息内容:
【Trae】定投偏离度 - 2026-07-24

### 515450红利低波50ETF

- 当前价格：1.42元
- 250日均线：1.42元
- 偏离度：-0.5%
- 状态：价格略低于均线，正常区间
- 建议：可小额定投

> 偏离度≤-6%持有60天胜率100%收益6%，出现日期2022年10-11月、2023年12月-2024年1月、2024年9月，以及最近的 2026年6月底-7月初
---
### 纳斯达克100指数

- 当前价格：28128.34点
- 200日均线：26432.09点
- 偏离度：+6.4%
- 近1年最高：30660.6点
- 回撤幅度：-8.3%
- PE：30.11（近10年 45.42% 百分位）
- PB：9.28（近10年 79.73% 百分位）
- 状态：价格显著高于均线，考虑减仓
- 建议：持有不动

> 回撤：每年都会有15%~20%的回撤，重点关注
> Allin：偏离度<-10% allin，持有2年最少赚+27.6%，持有4年最少+117%
>
> 定投：
>
> +15% → 100元/天
>
> +5% ~ +15% → 150元/天
>
> 0% ~ +5% → 300元/天
>
> -5% ~ 0% → 1500元/天
>
> -10% ~ -5% → 3000元/天
>
> < -10% → 4000元/天 + 梭哈
============================================================
日志备用渠道 - 2026-07-26T11:46:07.973551+08:00
============================================================
[515450ETF] 日期=2026-07-24, 价格=1.42元, 均线=1.42元, 偏离度=-0.47%, 状态=价格略低于均线，正常区间, 建议=可小额定投
[纳斯达克100] 日期=2026-07-24, 价格=28128.34点, 均线=26432.09点, 偏离度=6.42%, 近1年最高=30660.6点, 回撤=-8.26%, PE=30.11(45.42%), PB=9.28(79.73%), 评级=合理, 状态=价格显著高于均线，考虑减仓, 建议=持有不动

2026-07-26 03:46:07,973 [INFO] 日志备用渠道已记录
2026-07-26 03:46:07,973 [INFO] PushDeer 推送中...（第 1 次尝试）
2026-07-26 03:46:09,598 [INFO] PushDeer 推送成功
2026-07-26 03:46:09,599 [INFO] 状态文件已保存: /home/runner/work/auto-invest-reminder/auto-invest-reminder/logs/combined_20260726_status.json
2026-07-26 03:46:09,600 [INFO] ==================================================
2026-07-26 03:46:09,600 [INFO] 脚本执行完成 - 成功
2026-07-26 03:46:09,600 [INFO] 摘要: ETF: 成功 | 纳斯达克: 成功 | 推送: 成功
2026-07-26 03:46:09,600 [INFO] ==================================================
2026-07-27 03:54:57,522 [INFO] ==================================================
2026-07-27 03:54:57,522 [INFO] 合并定投提醒脚本启动 - 20260727
2026-07-27 03:54:57,522 [INFO] ==================================================
2026-07-27 03:54:57,522 [INFO] --- 获取 515450 ETF 数据 ---
2026-07-27 03:55:00,004 [INFO] 515450红利低波50ETF 数据获取成功，共 1556 条记录（第 1 次尝试）
2026-07-27 03:55:00,005 [INFO] 指标计算完成: 当前价格=1.42元, 250日均线=1.42元, 偏离度=-0.47%
2026-07-27 03:55:00,005 [INFO] 515450红利低波50ETF 分析完成: 价格略低于均线，正常区间
2026-07-27 03:55:00,005 [INFO] --- 获取纳斯达克100指数数据 ---
2026-07-27 03:55:00,346 [INFO] 纳斯达克100指数 数据获取成功，共 3126 条记录（第 1 次尝试）
2026-07-27 03:55:00,348 [INFO] 指标计算完成: 当前价格=28128.34点, 200日均线=26432.09点, 偏离度=+6.42%
2026-07-27 03:55:00,348 [INFO] nasdaq_valuation_fetcher 模块不可用，尝试蛋卷基金API...
2026-07-27 03:55:00,348 [DEBUG] 请求蛋卷API: https://danjuanfunds.com/djapi/index_eva/pe_history/NDX?day=all
2026-07-27 03:55:00,982 [INFO] 蛋卷 NDX PE 获取成功, 513 条记录, 当前值=30.1128
2026-07-27 03:55:00,983 [DEBUG] 请求蛋卷API: https://danjuanfunds.com/djapi/index_eva/pb_history/NDX?day=all
2026-07-27 03:55:01,703 [INFO] 蛋卷 NDX PB 获取成功, 513 条记录, 当前值=9.2752
2026-07-27 03:55:01,704 [INFO] 纳斯达克100指数 分析完成: 价格显著高于均线，考虑减仓
2026-07-27 03:55:01,704 [INFO] 推送消息已构建
2026-07-27 03:55:01,704 [DEBUG] 消息内容:
【Trae】定投偏离度 - 2026-07-24

### 515450红利低波50ETF

- 当前价格：1.42元
- 250日均线：1.42元
- 偏离度：-0.5%
- 状态：价格略低于均线，正常区间
- 建议：可小额定投

> 偏离度≤-6%持有60天胜率100%收益6%，出现日期2022年10-11月、2023年12月-2024年1月、2024年9月，以及最近的 2026年6月底-7月初
---
### 纳斯达克100指数

- 当前价格：28128.34点
- 200日均线：26432.09点
- 偏离度：+6.4%
- 近1年最高：30660.6点
- 回撤幅度：-8.3%
- PE：30.11（近10年 45.42% 百分位）
- PB：9.28（近10年 79.73% 百分位）
- 状态：价格显著高于均线，考虑减仓
- 建议：持有不动

> 回撤：每年都会有15%~20%的回撤，重点关注
> Allin：偏离度<-10% allin，持有2年最少赚+27.6%，持有4年最少+117%
>
> 定投：
>
> +15% → 100元/天
>
> +5% ~ +15% → 150元/天
>
> 0% ~ +5% → 300元/天
>
> -5% ~ 0% → 1500元/天
>
> -10% ~ -5% → 3000元/天
>
> < -10% → 4000元/天 + 梭哈
============================================================
日志备用渠道 - 2026-07-27T11:55:01.705054+08:00
============================================================
[515450ETF] 日期=2026-07-24, 价格=1.42元, 均线=1.42元, 偏离度=-0.47%, 状态=价格略低于均线，正常区间, 建议=可小额定投
[纳斯达克100] 日期=2026-07-24, 价格=28128.34点, 均线=26432.09点, 偏离度=6.42%, 近1年最高=30660.6点, 回撤=-8.26%, PE=30.11(45.42%), PB=9.28(79.73%), 评级=合理, 状态=价格显著高于均线，考虑减仓, 建议=持有不动

2026-07-27 03:55:01,705 [INFO] 日志备用渠道已记录
2026-07-27 03:55:01,705 [INFO] PushDeer 推送中...（第 1 次尝试）
2026-07-27 03:55:03,568 [INFO] PushDeer 推送成功
2026-07-27 03:55:03,570 [INFO] 状态文件已保存: /home/runner/work/auto-invest-reminder/auto-invest-reminder/logs/combined_20260727_status.json
2026-07-27 03:55:03,570 [INFO] ==================================================
2026-07-27 03:55:03,570 [INFO] 脚本执行完成 - 成功
2026-07-27 03:55:03,570 [INFO] 摘要: ETF: 成功 | 纳斯达克: 成功 | 推送: 成功
2026-07-27 03:55:03,570 [INFO] ==================================================
2026-07-28 03:26:13,538 [INFO] ==================================================
2026-07-28 03:26:13,538 [INFO] 合并定投提醒脚本启动 - 20260728
2026-07-28 03:26:13,538 [INFO] ==================================================
2026-07-28 03:26:13,538 [INFO] --- 获取 515450 ETF 数据 ---
2026-07-28 03:26:15,732 [INFO] 515450红利低波50ETF 数据获取成功，共 1557 条记录（第 1 次尝试）
2026-07-28 03:26:15,733 [INFO] 指标计算完成: 当前价格=1.42元, 250日均线=1.42元, 偏离度=-0.25%
2026-07-28 03:26:15,733 [INFO] 515450红利低波50ETF 分析完成: 价格略低于均线，正常区间
2026-07-28 03:26:15,733 [INFO] --- 获取纳斯达克100指数数据 ---
2026-07-28 03:26:15,920 [INFO] 纳斯达克100指数 数据获取成功，共 3127 条记录（第 1 次尝试）
2026-07-28 03:26:15,921 [INFO] 指标计算完成: 当前价格=28039.21点, 200日均线=26448.08点, 偏离度=+6.02%
2026-07-28 03:26:15,922 [INFO] nasdaq_valuation_fetcher 模块不可用，尝试蛋卷基金API...
2026-07-28 03:26:15,922 [DEBUG] 请求蛋卷API: https://danjuanfunds.com/djapi/index_eva/pe_history/NDX?day=all
2026-07-28 03:26:16,725 [INFO] 蛋卷 NDX PE 获取成功, 513 条记录, 当前值=30.0722
2026-07-28 03:26:16,726 [DEBUG] 请求蛋卷API: https://danjuanfunds.com/djapi/index_eva/pb_history/NDX?day=all
2026-07-28 03:26:17,636 [INFO] 蛋卷 NDX PB 获取成功, 513 条记录, 当前值=9.2621
2026-07-28 03:26:17,637 [INFO] 纳斯达克100指数 分析完成: 价格显著高于均线，考虑减仓
2026-07-28 03:26:17,637 [INFO] 推送消息已构建
2026-07-28 03:26:17,637 [DEBUG] 消息内容:
【Trae】定投偏离度 - 2026-07-27

### 515450红利低波50ETF

- 当前价格：1.42元
- 250日均线：1.42元
- 偏离度：-0.2%
- 状态：价格略低于均线，正常区间
- 建议：可小额定投

> 偏离度≤-6%持有60天胜率100%收益6%，出现日期2022年10-11月、2023年12月-2024年1月、2024年9月，以及最近的 2026年6月底-7月初
---
### 纳斯达克100指数

- 当前价格：28039.21点
- 200日均线：26448.08点
- 偏离度：+6.0%
- 近1年最高：30660.6点
- 回撤幅度：-8.6%
- PE：30.07（近10年 45.22% 百分位）
- PB：9.26（近10年 79.73% 百分位）
- 状态：价格显著高于均线，考虑减仓
- 建议：持有不动

> 回撤：每年都会有15%~20%的回撤，重点关注
> Allin：偏离度<-10% allin，持有2年最少赚+27.6%，持有4年最少+117%
>
> 定投：
>
> +15% → 100元/天
>
> +5% ~ +15% → 150元/天
>
> 0% ~ +5% → 300元/天
>
> -5% ~ 0% → 1500元/天
>
> -10% ~ -5% → 3000元/天
>
> < -10% → 4000元/天 + 梭哈
============================================================
日志备用渠道 - 2026-07-28T11:26:17.637761+08:00
============================================================
[515450ETF] 日期=2026-07-27, 价格=1.42元, 均线=1.42元, 偏离度=-0.25%, 状态=价格略低于均线，正常区间, 建议=可小额定投
[纳斯达克100] 日期=2026-07-27, 价格=28039.21点, 均线=26448.08点, 偏离度=6.02%, 近1年最高=30660.6点, 回撤=-8.55%, PE=30.07(45.22%), PB=9.26(79.73%), 评级=合理, 状态=价格显著高于均线，考虑减仓, 建议=持有不动

2026-07-28 03:26:17,637 [INFO] 日志备用渠道已记录
2026-07-28 03:26:17,637 [INFO] PushDeer 推送中...（第 1 次尝试）
2026-07-28 03:26:19,330 [INFO] PushDeer 推送成功
2026-07-28 03:26:19,332 [INFO] 状态文件已保存: /home/runner/work/auto-invest-reminder/auto-invest-reminder/logs/combined_20260728_status.json
2026-07-28 03:26:19,332 [INFO] ==================================================
2026-07-28 03:26:19,332 [INFO] 脚本执行完成 - 成功
2026-07-28 03:26:19,332 [INFO] 摘要: ETF: 成功 | 纳斯达克: 成功 | 推送: 成功
2026-07-28 03:26:19,332 [INFO] ==================================================
2026-07-29 03:27:37,310 [INFO] ==================================================
2026-07-29 03:27:37,310 [INFO] 合并定投提醒脚本启动 - 20260729
2026-07-29 03:27:37,310 [INFO] ==================================================
2026-07-29 03:27:37,310 [INFO] --- 获取 515450 ETF 数据 ---
2026-07-29 03:27:39,488 [INFO] 515450红利低波50ETF 数据获取成功，共 1558 条记录（第 1 次尝试）
2026-07-29 03:27:39,489 [INFO] 指标计算完成: 当前价格=1.43元, 250日均线=1.42元, 偏离度=+0.46%
2026-07-29 03:27:39,489 [INFO] 515450红利低波50ETF 分析完成: 价格接近均线，正常区间
2026-07-29 03:27:39,489 [INFO] --- 获取纳斯达克100指数数据 ---
2026-07-29 03:27:39,713 [INFO] 纳斯达克100指数 数据获取成功，共 3128 条记录（第 1 次尝试）
2026-07-29 03:27:39,714 [INFO] 指标计算完成: 当前价格=27763.13点, 200日均线=26461.22点, 偏离度=+4.92%
2026-07-29 03:27:39,714 [INFO] nasdaq_valuation_fetcher 模块不可用，尝试蛋卷基金API...
2026-07-29 03:27:39,714 [DEBUG] 请求蛋卷API: https://danjuanfunds.com/djapi/index_eva/pe_history/NDX?day=all
2026-07-29 03:27:40,526 [INFO] 蛋卷 NDX PE 获取成功, 514 条记录, 当前值=30.022
2026-07-29 03:27:40,527 [DEBUG] 请求蛋卷API: https://danjuanfunds.com/djapi/index_eva/pb_history/NDX?day=all
2026-07-29 03:27:41,384 [INFO] 蛋卷 NDX PB 获取成功, 514 条记录, 当前值=9.2482
2026-07-29 03:27:41,385 [INFO] 纳斯达克100指数 分析完成: 价格显著高于均线，考虑减仓
2026-07-29 03:27:41,386 [INFO] 推送消息已构建
2026-07-29 03:27:41,386 [DEBUG] 消息内容:
【Trae】定投偏离度 - 2026-07-28

### 515450红利低波50ETF

- 当前价格：1.43元
- 250日均线：1.42元
- 偏离度：+0.5%
- 状态：价格接近均线，正常区间
- 建议：持有不动

> 偏离度≤-6%持有60天胜率100%收益6%，出现日期2022年10-11月、2023年12月-2024年1月、2024年9月，以及最近的 2026年6月底-7月初
---
### 纳斯达克100指数

- 当前价格：27763.13点
- 200日均线：26461.22点
- 偏离度：+4.9%
- 近1年最高：30660.6点
- 回撤幅度：-9.4%
- PE：30.02（近10年 45.14% 百分位）
- PB：9.25（近10年 79.38% 百分位）
- 状态：价格显著高于均线，考虑减仓
- 建议：持有不动

> 回撤：每年都会有15%~20%的回撤，重点关注
> Allin：偏离度<-10% allin，持有2年最少赚+27.6%，持有4年最少+117%
>
> 定投：
>
> +15% → 100元/天
>
> +5% ~ +15% → 150元/天
>
> 0% ~ +5% → 300元/天
>
> -5% ~ 0% → 1500元/天
>
> -10% ~ -5% → 3000元/天
>
> < -10% → 4000元/天 + 梭哈
============================================================
日志备用渠道 - 2026-07-29T11:27:41.386289+08:00
============================================================
[515450ETF] 日期=2026-07-28, 价格=1.43元, 均线=1.42元, 偏离度=0.46%, 状态=价格接近均线，正常区间, 建议=持有不动
[纳斯达克100] 日期=2026-07-28, 价格=27763.13点, 均线=26461.22点, 偏离度=4.92%, 近1年最高=30660.6点, 回撤=-9.45%, PE=30.02(45.14%), PB=9.25(79.38%), 评级=合理, 状态=价格显著高于均线，考虑减仓, 建议=持有不动

2026-07-29 03:27:41,386 [INFO] 日志备用渠道已记录
2026-07-29 03:27:41,386 [INFO] PushDeer 推送中...（第 1 次尝试）
2026-07-29 03:27:42,924 [INFO] PushDeer 推送成功
2026-07-29 03:27:42,926 [INFO] 状态文件已保存: /home/runner/work/auto-invest-reminder/auto-invest-reminder/logs/combined_20260729_status.json
2026-07-29 03:27:42,926 [INFO] ==================================================
2026-07-29 03:27:42,926 [INFO] 脚本执行完成 - 成功
2026-07-29 03:27:42,926 [INFO] 摘要: ETF: 成功 | 纳斯达克: 成功 | 推送: 成功
2026-07-29 03:27:42,926 [INFO] ==================================================
2026-07-30 03:15:49,435 [INFO] ==================================================
2026-07-30 03:15:49,435 [INFO] 合并定投提醒脚本启动 - 20260730
2026-07-30 03:15:49,435 [INFO] ==================================================
2026-07-30 03:15:49,435 [INFO] --- 获取 515450 ETF 数据 ---
2026-07-30 03:15:51,141 [INFO] 515450红利低波50ETF 数据获取成功，共 1559 条记录（第 1 次尝试）
2026-07-30 03:15:51,143 [INFO] 指标计算完成: 当前价格=1.44元, 250日均线=1.42元, 偏离度=+1.44%
2026-07-30 03:15:51,143 [INFO] 515450红利低波50ETF 分析完成: 价格高于均线，正常区间
2026-07-30 03:15:51,143 [INFO] --- 获取纳斯达克100指数数据 ---
2026-07-30 03:15:51,390 [INFO] 纳斯达克100指数 数据获取成功，共 3129 条记录（第 1 次尝试）
2026-07-30 03:15:51,392 [INFO] 指标计算完成: 当前价格=27192.31点, 200日均线=26471.69点, 偏离度=+2.72%
2026-07-30 03:15:51,392 [INFO] nasdaq_valuation_fetcher 模块不可用，尝试蛋卷基金API...
2026-07-30 03:15:51,392 [DEBUG] 请求蛋卷API: https://danjuanfunds.com/djapi/index_eva/pe_history/NDX?day=all
2026-07-30 03:15:52,114 [INFO] 蛋卷 NDX PE 获取成功, 514 条记录, 当前值=29.4046
2026-07-30 03:15:52,115 [DEBUG] 请求蛋卷API: https://danjuanfunds.com/djapi/index_eva/pb_history/NDX?day=all
2026-07-30 03:15:52,779 [INFO] 蛋卷 NDX PB 获取成功, 514 条记录, 当前值=9.0087
2026-07-30 03:15:52,780 [INFO] 纳斯达克100指数 分析完成: 价格显著高于均线，考虑减仓
2026-07-30 03:15:52,780 [INFO] 推送消息已构建
2026-07-30 03:15:52,780 [DEBUG] 消息内容:
【Trae】定投偏离度 - 2026-07-29

### 515450红利低波50ETF

- 当前价格：1.44元
- 250日均线：1.42元
- 偏离度：+1.4%
- 状态：价格高于均线，正常区间
- 建议：持有不动

> 偏离度≤-6%持有60天胜率100%收益6%，出现日期2022年10-11月、2023年12月-2024年1月、2024年9月，以及最近的 2026年6月底-7月初
---
### 纳斯达克100指数

- 当前价格：27192.31点
- 200日均线：26471.69点
- 偏离度：+2.7%
- 近1年最高：30660.6点
- 回撤幅度：-11.3%
- PE：29.4（近10年 42.22% 百分位）
- PB：9.01（近10年 74.71% 百分位）
- 状态：价格显著高于均线，考虑减仓
- 建议：持有不动

> 回撤：每年都会有15%~20%的回撤，重点关注
> Allin：偏离度<-10% allin，持有2年最少赚+27.6%，持有4年最少+117%
>
> 定投：
>
> +15% → 100元/天
>
> +5% ~ +15% → 150元/天
>
> 0% ~ +5% → 300元/天
>
> -5% ~ 0% → 1500元/天
>
> -10% ~ -5% → 3000元/天
>
> < -10% → 4000元/天 + 梭哈
============================================================
日志备用渠道 - 2026-07-30T11:15:52.781057+08:00
============================================================
[515450ETF] 日期=2026-07-29, 价格=1.44元, 均线=1.42元, 偏离度=1.44%, 状态=价格高于均线，正常区间, 建议=持有不动
[纳斯达克100] 日期=2026-07-29, 价格=27192.31点, 均线=26471.69点, 偏离度=2.72%, 近1年最高=30660.6点, 回撤=-11.31%, PE=29.4(42.22%), PB=9.01(74.71%), 评级=合理, 状态=价格显著高于均线，考虑减仓, 建议=持有不动

2026-07-30 03:15:52,781 [INFO] 日志备用渠道已记录
2026-07-30 03:15:52,781 [INFO] PushDeer 推送中...（第 1 次尝试）
2026-07-30 03:15:54,200 [INFO] PushDeer 推送成功
2026-07-30 03:15:54,202 [INFO] 状态文件已保存: /home/runner/work/auto-invest-reminder/auto-invest-reminder/logs/combined_20260730_status.json
2026-07-30 03:15:54,202 [INFO] ==================================================
2026-07-30 03:15:54,202 [INFO] 脚本执行完成 - 成功
2026-07-30 03:15:54,202 [INFO] 摘要: ETF: 成功 | 纳斯达克: 成功 | 推送: 成功
2026-07-30 03:15:54,202 [INFO] ==================================================
2026-07-31 03:42:05,224 [INFO] ==================================================
2026-07-31 03:42:05,225 [INFO] 合并定投提醒脚本启动 - 20260731
2026-07-31 03:42:05,225 [INFO] ==================================================
2026-07-31 03:42:05,225 [INFO] --- 获取 515450 ETF 数据 ---
2026-07-31 03:42:06,602 [INFO] 515450红利低波50ETF 数据获取成功，共 1560 条记录（第 1 次尝试）
2026-07-31 03:42:06,603 [INFO] 指标计算完成: 当前价格=1.47元, 250日均线=1.42元, 偏离度=+3.13%
2026-07-31 03:42:06,603 [INFO] 515450红利低波50ETF 分析完成: 价格显著高于均线，考虑减仓
2026-07-31 03:42:06,603 [INFO] --- 获取纳斯达克100指数数据 ---
2026-07-31 03:42:06,964 [INFO] 纳斯达克100指数 数据获取成功，共 3130 条记录（第 1 次尝试）
2026-07-31 03:42:06,965 [INFO] 指标计算完成: 当前价格=28106.35点, 200日均线=26491.11点, 偏离度=+6.10%
2026-07-31 03:42:06,965 [INFO] nasdaq_valuation_fetcher 模块不可用，尝试蛋卷基金API...
2026-07-31 03:42:06,966 [DEBUG] 请求蛋卷API: https://danjuanfunds.com/djapi/index_eva/pe_history/NDX?day=all
2026-07-31 03:42:07,559 [INFO] 蛋卷 NDX PE 获取成功, 513 条记录, 当前值=29.5008
2026-07-31 03:42:07,560 [DEBUG] 请求蛋卷API: https://danjuanfunds.com/djapi/index_eva/pb_history/NDX?day=all
2026-07-31 03:42:08,205 [INFO] 蛋卷 NDX PB 获取成功, 513 条记录, 当前值=9.0229
2026-07-31 03:42:08,207 [INFO] 纳斯达克100指数 分析完成: 价格显著高于均线，考虑减仓
2026-07-31 03:42:08,207 [INFO] 推送消息已构建
2026-07-31 03:42:08,207 [DEBUG] 消息内容:
【Trae】定投偏离度 - 2026-07-30

### 515450红利低波50ETF

- 当前价格：1.47元
- 250日均线：1.42元
- 偏离度：+3.1%
- 状态：价格显著高于均线，考虑减仓
- 建议：持有不动

> 偏离度≤-6%持有60天胜率100%收益6%，出现日期2022年10-11月、2023年12月-2024年1月、2024年9月，以及最近的 2026年6月底-7月初
---
### 纳斯达克100指数

- 当前价格：28106.35点
- 200日均线：26491.11点
- 偏离度：+6.1%
- 近1年最高：30660.6点
- 回撤幅度：-8.3%
- PE：29.5（近10年 42.11% 百分位）
- PB：9.02（近10年 74.66% 百分位）
- 状态：价格显著高于均线，考虑减仓
- 建议：持有不动

> 回撤：每年都会有15%~20%的回撤，重点关注
> Allin：偏离度<-10% allin，持有2年最少赚+27.6%，持有4年最少+117%
>
> 定投：
>
> +15% → 100元/天
>
> +5% ~ +15% → 150元/天
>
> 0% ~ +5% → 300元/天
>
> -5% ~ 0% → 1500元/天
>
> -10% ~ -5% → 3000元/天
>
> < -10% → 4000元/天 + 梭哈
============================================================
日志备用渠道 - 2026-07-31T11:42:08.207542+08:00
============================================================
[515450ETF] 日期=2026-07-30, 价格=1.47元, 均线=1.42元, 偏离度=3.13%, 状态=价格显著高于均线，考虑减仓, 建议=持有不动
[纳斯达克100] 日期=2026-07-30, 价格=28106.35点, 均线=26491.11点, 偏离度=6.1%, 近1年最高=30660.6点, 回撤=-8.33%, PE=29.5(42.11%), PB=9.02(74.66%), 评级=合理, 状态=价格显著高于均线，考虑减仓, 建议=持有不动

2026-07-31 03:42:08,207 [INFO] 日志备用渠道已记录
2026-07-31 03:42:08,207 [INFO] PushDeer 推送中...（第 1 次尝试）
2026-07-31 03:42:09,560 [INFO] PushDeer 推送成功
2026-07-31 03:42:09,562 [INFO] 状态文件已保存: /home/runner/work/auto-invest-reminder/auto-invest-reminder/logs/combined_20260731_status.json
2026-07-31 03:42:09,562 [INFO] ==================================================
2026-07-31 03:42:09,562 [INFO] 脚本执行完成 - 成功
2026-07-31 03:42:09,562 [INFO] 摘要: ETF: 成功 | 纳斯达克: 成功 | 推送: 成功
2026-07-31 03:42:09,562 [INFO] ==================================================
2026-08-01 03:41:29,719 [INFO] ==================================================
2026-08-01 03:41:29,719 [INFO] 合并定投提醒脚本启动 - 20260801
2026-08-01 03:41:29,719 [INFO] ==================================================
2026-08-01 03:41:29,720 [INFO] --- 获取 515450 ETF 数据 ---
2026-08-01 03:41:33,037 [INFO] 515450红利低波50ETF 数据获取成功，共 1561 条记录（第 1 次尝试）
2026-08-01 03:41:33,039 [INFO] 指标计算完成: 当前价格=1.46元, 250日均线=1.42元, 偏离度=+2.49%
2026-08-01 03:41:33,039 [INFO] 515450红利低波50ETF 分析完成: 价格显著高于均线，考虑减仓
2026-08-01 03:41:33,039 [INFO] --- 获取纳斯达克100指数数据 ---
2026-08-01 03:41:33,660 [INFO] 纳斯达克100指数 数据获取成功，共 3131 条记录（第 1 次尝试）
2026-08-01 03:41:33,661 [INFO] 指标计算完成: 当前价格=28274.20点, 200日均线=26508.73点, 偏离度=+6.66%
2026-08-01 03:41:33,662 [INFO] nasdaq_valuation_fetcher 模块不可用，尝试蛋卷基金API...
2026-08-01 03:41:33,662 [DEBUG] 请求蛋卷API: https://danjuanfunds.com/djapi/index_eva/pe_history/NDX?day=all
2026-08-01 03:41:34,479 [INFO] 蛋卷 NDX PE 获取成功, 513 条记录, 当前值=29.9822
2026-08-01 03:41:34,480 [DEBUG] 请求蛋卷API: https://danjuanfunds.com/djapi/index_eva/pb_history/NDX?day=all
2026-08-01 03:41:35,360 [INFO] 蛋卷 NDX PB 获取成功, 513 条记录, 当前值=9.1732
2026-08-01 03:41:35,361 [INFO] 纳斯达克100指数 分析完成: 价格显著高于均线，考虑减仓
2026-08-01 03:41:35,361 [INFO] 推送消息已构建
2026-08-01 03:41:35,361 [DEBUG] 消息内容:
【Trae】定投偏离度 - 2026-07-31

### 515450红利低波50ETF

- 当前价格：1.46元
- 250日均线：1.42元
- 偏离度：+2.5%
- 状态：价格显著高于均线，考虑减仓
- 建议：持有不动

> 偏离度≤-6%持有60天胜率100%收益6%，出现日期2022年10-11月、2023年12月-2024年1月、2024年9月，以及最近的 2026年6月底-7月初
---
### 纳斯达克100指数

- 当前价格：28274.2点
- 200日均线：26508.73点
- 偏离度：+6.7%
- 近1年最高：30660.6点
- 回撤幅度：-7.8%
- PE：29.98（近10年 44.83% 百分位）
- PB：9.17（近10年 78.17% 百分位）
- 状态：价格显著高于均线，考虑减仓
- 建议：持有不动

> 回撤：每年都会有15%~20%的回撤，重点关注
> Allin：偏离度<-10% allin，持有2年最少赚+27.6%，持有4年最少+117%
>
> 定投：
>
> +15% → 100元/天
>
> +5% ~ +15% → 150元/天
>
> 0% ~ +5% → 300元/天
>
> -5% ~ 0% → 1500元/天
>
> -10% ~ -5% → 3000元/天
>
> < -10% → 4000元/天 + 梭哈
============================================================
日志备用渠道 - 2026-08-01T11:41:35.361718+08:00
============================================================
[515450ETF] 日期=2026-07-31, 价格=1.46元, 均线=1.42元, 偏离度=2.49%, 状态=价格显著高于均线，考虑减仓, 建议=持有不动
[纳斯达克100] 日期=2026-07-31, 价格=28274.2点, 均线=26508.73点, 偏离度=6.66%, 近1年最高=30660.6点, 回撤=-7.78%, PE=29.98(44.83%), PB=9.17(78.17%), 评级=合理, 状态=价格显著高于均线，考虑减仓, 建议=持有不动

2026-08-01 03:41:35,361 [INFO] 日志备用渠道已记录
2026-08-01 03:41:35,361 [INFO] PushDeer 推送中...（第 1 次尝试）
2026-08-01 03:41:36,911 [INFO] PushDeer 推送成功
2026-08-01 03:41:36,913 [INFO] 状态文件已保存: /home/runner/work/auto-invest-reminder/auto-invest-reminder/logs/combined_20260801_status.json
2026-08-01 03:41:36,913 [INFO] ==================================================
2026-08-01 03:41:36,913 [INFO] 脚本执行完成 - 成功
2026-08-01 03:41:36,913 [INFO] 摘要: ETF: 成功 | 纳斯达克: 成功 | 推送: 成功
2026-08-01 03:41:36,913 [INFO] ==================================================
2026-08-02 03:41:29,001 [INFO] ==================================================
2026-08-02 03:41:29,002 [INFO] 合并定投提醒脚本启动 - 20260802
2026-08-02 03:41:29,002 [INFO] ==================================================
2026-08-02 03:41:29,002 [INFO] --- 获取 515450 ETF 数据 ---
2026-08-02 03:41:31,386 [INFO] 515450红利低波50ETF 数据获取成功，共 1561 条记录（第 1 次尝试）
2026-08-02 03:41:31,387 [INFO] 指标计算完成: 当前价格=1.46元, 250日均线=1.42元, 偏离度=+2.49%
2026-08-02 03:41:31,387 [INFO] 515450红利低波50ETF 分析完成: 价格显著高于均线，考虑减仓
2026-08-02 03:41:31,387 [INFO] --- 获取纳斯达克100指数数据 ---
2026-08-02 03:41:31,625 [INFO] 纳斯达克100指数 数据获取成功，共 3131 条记录（第 1 次尝试）
2026-08-02 03:41:31,627 [INFO] 指标计算完成: 当前价格=28274.20点, 200日均线=26508.73点, 偏离度=+6.66%
2026-08-02 03:41:31,627 [INFO] nasdaq_valuation_fetcher 模块不可用，尝试蛋卷基金API...
2026-08-02 03:41:31,627 [DEBUG] 请求蛋卷API: https://danjuanfunds.com/djapi/index_eva/pe_history/NDX?day=all
2026-08-02 03:41:32,489 [INFO] 蛋卷 NDX PE 获取成功, 513 条记录, 当前值=29.9822
2026-08-02 03:41:32,490 [DEBUG] 请求蛋卷API: https://danjuanfunds.com/djapi/index_eva/pb_history/NDX?day=all
2026-08-02 03:41:33,269 [INFO] 蛋卷 NDX PB 获取成功, 513 条记录, 当前值=9.1732
2026-08-02 03:41:33,270 [INFO] 纳斯达克100指数 分析完成: 价格显著高于均线，考虑减仓
2026-08-02 03:41:33,271 [INFO] 推送消息已构建
2026-08-02 03:41:33,271 [DEBUG] 消息内容:
【Trae】定投偏离度 - 2026-07-31

### 515450红利低波50ETF

- 当前价格：1.46元
- 250日均线：1.42元
- 偏离度：+2.5%
- 状态：价格显著高于均线，考虑减仓
- 建议：持有不动

> 偏离度≤-6%持有60天胜率100%收益6%，出现日期2022年10-11月、2023年12月-2024年1月、2024年9月，以及最近的 2026年6月底-7月初
---
### 纳斯达克100指数

- 当前价格：28274.2点
- 200日均线：26508.73点
- 偏离度：+6.7%
- 近1年最高：30660.6点
- 回撤幅度：-7.8%
- PE：29.98（近10年 44.83% 百分位）
- PB：9.17（近10年 78.17% 百分位）
- 状态：价格显著高于均线，考虑减仓
- 建议：持有不动

> 回撤：每年都会有15%~20%的回撤，重点关注
> Allin：偏离度<-10% allin，持有2年最少赚+27.6%，持有4年最少+117%
>
> 定投：
>
> +15% → 100元/天
>
> +5% ~ +15% → 150元/天
>
> 0% ~ +5% → 300元/天
>
> -5% ~ 0% → 1500元/天
>
> -10% ~ -5% → 3000元/天
>
> < -10% → 4000元/天 + 梭哈
============================================================
日志备用渠道 - 2026-08-02T11:41:33.271471+08:00
============================================================
[515450ETF] 日期=2026-07-31, 价格=1.46元, 均线=1.42元, 偏离度=2.49%, 状态=价格显著高于均线，考虑减仓, 建议=持有不动
[纳斯达克100] 日期=2026-07-31, 价格=28274.2点, 均线=26508.73点, 偏离度=6.66%, 近1年最高=30660.6点, 回撤=-7.78%, PE=29.98(44.83%), PB=9.17(78.17%), 评级=合理, 状态=价格显著高于均线，考虑减仓, 建议=持有不动

2026-08-02 03:41:33,271 [INFO] 日志备用渠道已记录
2026-08-02 03:41:33,271 [INFO] PushDeer 推送中...（第 1 次尝试）
2026-08-02 03:41:34,729 [INFO] PushDeer 推送成功
2026-08-02 03:41:34,731 [INFO] 状态文件已保存: /home/runner/work/auto-invest-reminder/auto-invest-reminder/logs/combined_20260802_status.json
2026-08-02 03:41:34,731 [INFO] ==================================================
2026-08-02 03:41:34,731 [INFO] 脚本执行完成 - 成功
2026-08-02 03:41:34,731 [INFO] 摘要: ETF: 成功 | 纳斯达克: 成功 | 推送: 成功
2026-08-02 03:41:34,731 [INFO] ==================================================
2026-08-03 03:44:52,903 [INFO] ==================================================
2026-08-03 03:44:52,903 [INFO] 合并定投提醒脚本启动 - 20260803
2026-08-03 03:44:52,903 [INFO] ==================================================
2026-08-03 03:44:52,903 [INFO] --- 获取 515450 ETF 数据 ---
2026-08-03 03:44:54,344 [INFO] 515450红利低波50ETF 数据获取成功，共 1561 条记录（第 1 次尝试）
2026-08-03 03:44:54,345 [INFO] 指标计算完成: 当前价格=1.46元, 250日均线=1.42元, 偏离度=+2.49%
2026-08-03 03:44:54,346 [INFO] 515450红利低波50ETF 分析完成: 价格显著高于均线，考虑减仓
2026-08-03 03:44:54,346 [INFO] --- 获取纳斯达克100指数数据 ---
2026-08-03 03:44:54,591 [INFO] 纳斯达克100指数 数据获取成功，共 3131 条记录（第 1 次尝试）
2026-08-03 03:44:54,592 [INFO] 指标计算完成: 当前价格=28274.20点, 200日均线=26508.73点, 偏离度=+6.66%
2026-08-03 03:44:54,593 [INFO] nasdaq_valuation_fetcher 模块不可用，尝试蛋卷基金API...
2026-08-03 03:44:54,593 [DEBUG] 请求蛋卷API: https://danjuanfunds.com/djapi/index_eva/pe_history/NDX?day=all
2026-08-03 03:44:55,214 [INFO] 蛋卷 NDX PE 获取成功, 513 条记录, 当前值=29.9797
2026-08-03 03:44:55,216 [DEBUG] 请求蛋卷API: https://danjuanfunds.com/djapi/index_eva/pb_history/NDX?day=all
2026-08-03 03:44:55,788 [INFO] 蛋卷 NDX PB 获取成功, 513 条记录, 当前值=9.1724
2026-08-03 03:44:55,789 [INFO] 纳斯达克100指数 分析完成: 价格显著高于均线，考虑减仓
2026-08-03 03:44:55,790 [INFO] 推送消息已构建
2026-08-03 03:44:55,790 [DEBUG] 消息内容:
【Trae】定投偏离度 - 2026-07-31

### 515450红利低波50ETF

- 当前价格：1.46元
- 250日均线：1.42元
- 偏离度：+2.5%
- 状态：价格显著高于均线，考虑减仓
- 建议：持有不动

> 偏离度≤-6%持有60天胜率100%收益6%，出现日期2022年10-11月、2023年12月-2024年1月、2024年9月，以及最近的 2026年6月底-7月初
---
### 纳斯达克100指数

- 当前价格：28274.2点
- 200日均线：26508.73点
- 偏离度：+6.7%
- 近1年最高：30660.6点
- 回撤幅度：-7.8%
- PE：29.98（近10年 44.83% 百分位）
- PB：9.17（近10年 78.17% 百分位）
- 状态：价格显著高于均线，考虑减仓
- 建议：持有不动

> 回撤：每年都会有15%~20%的回撤，重点关注
> Allin：偏离度<-10% allin，持有2年最少赚+27.6%，持有4年最少+117%
>
> 定投：
>
> +15% → 100元/天
>
> +5% ~ +15% → 150元/天
>
> 0% ~ +5% → 300元/天
>
> -5% ~ 0% → 1500元/天
>
> -10% ~ -5% → 3000元/天
>
> < -10% → 4000元/天 + 梭哈
============================================================
日志备用渠道 - 2026-08-03T11:44:55.790222+08:00
============================================================
[515450ETF] 日期=2026-07-31, 价格=1.46元, 均线=1.42元, 偏离度=2.49%, 状态=价格显著高于均线，考虑减仓, 建议=持有不动
[纳斯达克100] 日期=2026-07-31, 价格=28274.2点, 均线=26508.73点, 偏离度=6.66%, 近1年最高=30660.6点, 回撤=-7.78%, PE=29.98(44.83%), PB=9.17(78.17%), 评级=合理, 状态=价格显著高于均线，考虑减仓, 建议=持有不动

2026-08-03 03:44:55,790 [INFO] 日志备用渠道已记录
2026-08-03 03:44:55,790 [INFO] PushDeer 推送中...（第 1 次尝试）
2026-08-03 03:44:57,195 [INFO] PushDeer 推送成功
2026-08-03 03:44:57,197 [INFO] 状态文件已保存: /home/runner/work/auto-invest-reminder/auto-invest-reminder/logs/combined_20260803_status.json
2026-08-03 03:44:57,197 [INFO] ==================================================
2026-08-03 03:44:57,197 [INFO] 脚本执行完成 - 成功
2026-08-03 03:44:57,197 [INFO] 摘要: ETF: 成功 | 纳斯达克: 成功 | 推送: 成功
2026-08-03 03:44:57,197 [INFO] ==================================================
2026-08-04 03:29:12,512 [INFO] ==================================================
2026-08-04 03:29:12,512 [INFO] 合并定投提醒脚本启动 - 20260804
2026-08-04 03:29:12,512 [INFO] ==================================================
2026-08-04 03:29:12,512 [INFO] --- 获取 515450 ETF 数据 ---
2026-08-04 03:29:13,899 [INFO] 515450红利低波50ETF 数据获取成功，共 1562 条记录（第 1 次尝试）
2026-08-04 03:29:13,900 [INFO] 指标计算完成: 当前价格=1.45元, 250日均线=1.42元, 偏离度=+2.22%
2026-08-04 03:29:13,900 [INFO] 515450红利低波50ETF 分析完成: 价格显著高于均线，考虑减仓
2026-08-04 03:29:13,900 [INFO] --- 获取纳斯达克100指数数据 ---
2026-08-04 03:29:14,155 [INFO] 纳斯达克100指数 数据获取成功，共 3132 条记录（第 1 次尝试）
2026-08-04 03:29:14,156 [INFO] 指标计算完成: 当前价格=28776.80点, 200日均线=26529.72点, 偏离度=+8.47%
2026-08-04 03:29:14,156 [INFO] nasdaq_valuation_fetcher 模块不可用，尝试蛋卷基金API...
2026-08-04 03:29:14,156 [DEBUG] 请求蛋卷API: https://danjuanfunds.com/djapi/index_eva/pe_history/NDX?day=all
2026-08-04 03:29:14,849 [INFO] 蛋卷 NDX PE 获取成功, 513 条记录, 当前值=30.6923
2026-08-04 03:29:14,850 [DEBUG] 请求蛋卷API: https://danjuanfunds.com/djapi/index_eva/pb_history/NDX?day=all
2026-08-04 03:29:15,542 [INFO] 蛋卷 NDX PB 获取成功, 513 条记录, 当前值=9.3975
2026-08-04 03:29:15,543 [INFO] 纳斯达克100指数 分析完成: 价格显著高于均线，考虑减仓
2026-08-04 03:29:15,543 [INFO] 推送消息已构建
2026-08-04 03:29:15,543 [DEBUG] 消息内容:
【Trae】定投偏离度 - 2026-08-03

### 515450红利低波50ETF

- 当前价格：1.45元
- 250日均线：1.42元
- 偏离度：+2.2%
- 状态：价格显著高于均线，考虑减仓
- 建议：持有不动

> 偏离度≤-6%持有60天胜率100%收益6%，出现日期2022年10-11月、2023年12月-2024年1月、2024年9月，以及最近的 2026年6月底-7月初
---
### 纳斯达克100指数

- 当前价格：28776.8点
- 200日均线：26529.72点
- 偏离度：+8.5%
- 近1年最高：30660.6点
- 回撤幅度：-6.1%
- PE：30.69（近10年 48.73% 百分位）
- PB：9.4（近10年 82.07% 百分位）
- 状态：价格显著高于均线，考虑减仓
- 建议：持有不动

> 回撤：每年都会有15%~20%的回撤，重点关注
> Allin：偏离度<-10% allin，持有2年最少赚+27.6%，持有4年最少+117%
>
> 定投：
>
> +15% → 100元/天
>
> +5% ~ +15% → 150元/天
>
> 0% ~ +5% → 300元/天
>
> -5% ~ 0% → 1500元/天
>
> -10% ~ -5% → 3000元/天
>
> < -10% → 4000元/天 + 梭哈
============================================================
日志备用渠道 - 2026-08-04T11:29:15.543769+08:00
============================================================
[515450ETF] 日期=2026-08-03, 价格=1.45元, 均线=1.42元, 偏离度=2.22%, 状态=价格显著高于均线，考虑减仓, 建议=持有不动
[纳斯达克100] 日期=2026-08-03, 价格=28776.8点, 均线=26529.72点, 偏离度=8.47%, 近1年最高=30660.6点, 回撤=-6.14%, PE=30.69(48.73%), PB=9.4(82.07%), 评级=合理, 状态=价格显著高于均线，考虑减仓, 建议=持有不动

2026-08-04 03:29:15,543 [INFO] 日志备用渠道已记录
2026-08-04 03:29:15,543 [INFO] PushDeer 推送中...（第 1 次尝试）
2026-08-04 03:29:17,170 [INFO] PushDeer 推送成功
2026-08-04 03:29:17,171 [INFO] 状态文件已保存: /home/runner/work/auto-invest-reminder/auto-invest-reminder/logs/combined_20260804_status.json
2026-08-04 03:29:17,171 [INFO] ==================================================
2026-08-04 03:29:17,171 [INFO] 脚本执行完成 - 成功
2026-08-04 03:29:17,171 [INFO] 摘要: ETF: 成功 | 纳斯达克: 成功 | 推送: 成功
2026-08-04 03:29:17,171 [INFO] ==================================================
2026-08-05 03:24:01,686 [INFO] ==================================================
2026-08-05 03:24:01,686 [INFO] 合并定投提醒脚本启动 - 20260805
2026-08-05 03:24:01,686 [INFO] ==================================================
2026-08-05 03:24:01,686 [INFO] --- 获取 515450 ETF 数据 ---
2026-08-05 03:24:03,495 [INFO] 515450红利低波50ETF 数据获取成功，共 1563 条记录（第 1 次尝试）
2026-08-05 03:24:03,496 [INFO] 指标计算完成: 当前价格=1.42元, 250日均线=1.42元, 偏离度=-0.02%
2026-08-05 03:24:03,496 [INFO] 515450红利低波50ETF 分析完成: 价格略低于均线，正常区间
2026-08-05 03:24:03,496 [INFO] --- 获取纳斯达克100指数数据 ---
2026-08-05 03:24:03,925 [INFO] 纳斯达克100指数 数据获取成功，共 3133 条记录（第 1 次尝试）
2026-08-05 03:24:03,927 [INFO] 指标计算完成: 当前价格=29733.16点, 200日均线=26554.66点, 偏离度=+11.97%
2026-08-05 03:24:03,927 [INFO] nasdaq_valuation_fetcher 模块不可用，尝试蛋卷基金API...
2026-08-05 03:24:03,927 [DEBUG] 请求蛋卷API: https://danjuanfunds.com/djapi/index_eva/pe_history/NDX?day=all
2026-08-05 03:24:04,612 [INFO] 蛋卷 NDX PE 获取成功, 514 条记录, 当前值=31.6647
2026-08-05 03:24:04,613 [DEBUG] 请求蛋卷API: https://danjuanfunds.com/djapi/index_eva/pb_history/NDX?day=all
2026-08-05 03:24:05,211 [INFO] 蛋卷 NDX PB 获取成功, 514 条记录, 当前值=9.4916
2026-08-05 03:24:05,212 [INFO] 纳斯达克100指数 分析完成: 价格显著高于均线，考虑减仓
2026-08-05 03:24:05,212 [INFO] 推送消息已构建
2026-08-05 03:24:05,212 [DEBUG] 消息内容:
【Trae】定投偏离度 - 2026-08-04

### 515450红利低波50ETF

- 当前价格：1.42元
- 250日均线：1.42元
- 偏离度：-0.0%
- 状态：价格略低于均线，正常区间
- 建议：可小额定投

> 偏离度≤-6%持有60天胜率100%收益6%，出现日期2022年10-11月、2023年12月-2024年1月、2024年9月，以及最近的 2026年6月底-7月初
---
### 纳斯达克100指数

- 当前价格：29733.16点
- 200日均线：26554.66点
- 偏离度：+12.0%
- 近1年最高：30660.6点
- 回撤幅度：-3.0%
- PE：31.66（近10年 51.95% 百分位）
- PB：9.49（近10年 85.6% 百分位）
- 状态：价格显著高于均线，考虑减仓
- 建议：持有不动

> 回撤：每年都会有15%~20%的回撤，重点关注
> Allin：偏离度<-10% allin，持有2年最少赚+27.6%，持有4年最少+117%
>
> 定投：
>
> +15% → 100元/天
>
> +5% ~ +15% → 150元/天
>
> 0% ~ +5% → 300元/天
>
> -5% ~ 0% → 1500元/天
>
> -10% ~ -5% → 3000元/天
>
> < -10% → 4000元/天 + 梭哈
============================================================
日志备用渠道 - 2026-08-05T11:24:05.212829+08:00
============================================================
[515450ETF] 日期=2026-08-04, 价格=1.42元, 均线=1.42元, 偏离度=-0.02%, 状态=价格略低于均线，正常区间, 建议=可小额定投
[纳斯达克100] 日期=2026-08-04, 价格=29733.16点, 均线=26554.66点, 偏离度=11.97%, 近1年最高=30660.6点, 回撤=-3.02%, PE=31.66(51.95%), PB=9.49(85.6%), 评级=合理, 状态=价格显著高于均线，考虑减仓, 建议=持有不动

2026-08-05 03:24:05,212 [INFO] 日志备用渠道已记录
2026-08-05 03:24:05,212 [INFO] PushDeer 推送中...（第 1 次尝试）
2026-08-05 03:24:06,616 [INFO] PushDeer 推送成功
2026-08-05 03:24:06,618 [INFO] 状态文件已保存: /home/runner/work/auto-invest-reminder/auto-invest-reminder/logs/combined_20260805_status.json
2026-08-05 03:24:06,618 [INFO] ==================================================
2026-08-05 03:24:06,618 [INFO] 脚本执行完成 - 成功
2026-08-05 03:24:06,618 [INFO] 摘要: ETF: 成功 | 纳斯达克: 成功 | 推送: 成功
2026-08-05 03:24:06,618 [INFO] ==================================================
2026-08-05 06:09:56,615 [INFO] ==================================================
2026-08-05 06:09:56,615 [INFO] 合并定投提醒脚本启动 - 20260805
2026-08-05 06:09:56,615 [INFO] ==================================================
2026-08-05 06:09:56,615 [INFO] --- 获取 515450 ETF 数据 ---
2026-08-05 06:09:58,501 [INFO] 515450红利低波50ETF 数据获取成功，共 1563 条记录（第 1 次尝试）
2026-08-05 06:09:58,502 [INFO] 指标计算完成: 当前价格=1.42元, 250日均线=1.42元, 偏离度=-0.02%
2026-08-05 06:09:58,502 [INFO] 515450红利低波50ETF 分析完成: 价格略低于均线，正常区间
2026-08-05 06:09:58,502 [INFO] --- 获取纳斯达克100指数数据 ---
2026-08-05 06:09:58,698 [INFO] 纳斯达克100指数 数据获取成功，共 3133 条记录（第 1 次尝试）
2026-08-05 06:09:58,699 [INFO] 指标计算完成: 当前价格=29733.16点, 200日均线=26554.66点, 偏离度=+11.97%
2026-08-05 06:09:58,700 [INFO] nasdaq_valuation_fetcher 模块不可用，尝试蛋卷基金API...
2026-08-05 06:09:58,700 [DEBUG] 请求蛋卷API: https://danjuanfunds.com/djapi/index_eva/pe_history/NDX?day=all
2026-08-05 06:09:59,502 [INFO] 蛋卷 NDX PE 获取成功, 514 条记录, 当前值=31.6647
2026-08-05 06:09:59,503 [DEBUG] 请求蛋卷API: https://danjuanfunds.com/djapi/index_eva/pb_history/NDX?day=all
2026-08-05 06:10:00,443 [INFO] 蛋卷 NDX PB 获取成功, 514 条记录, 当前值=9.4916
2026-08-05 06:10:00,445 [INFO] 纳斯达克100指数 分析完成: 价格显著高于均线，考虑减仓
2026-08-05 06:10:00,445 [INFO] 推送消息已构建
2026-08-05 06:10:00,445 [DEBUG] 消息内容:
【Trae】定投偏离度 - 2026-08-04

### 515450红利低波50ETF

- 当前价格：1.42元
- 250日均线：1.42元
- 偏离度：-0.0%
- 状态：价格略低于均线，正常区间
- 建议：可小额定投

> 偏离度≤-6%持有60天胜率100%收益6%，出现日期2022年10-11月、2023年12月-2024年1月、2024年9月，以及最近的 2026年6月底-7月初
---
### 纳斯达克100指数

- 当前价格：29733.16点
- 200日均线：26554.66点
- 偏离度：+12.0%
- 近1年最高：30660.6点
- 回撤幅度：-3.0%
- PE：31.66（近10年 51.95% 百分位）
- PB：9.49（近10年 85.6% 百分位）
- 状态：价格显著高于均线，考虑减仓
- 建议：持有不动

> 回撤：每年都会有15%~20%的回撤，重点关注
> Allin：偏离度<-10% allin，持有2年最少赚+27.6%，持有4年最少+117%
>
> 定投：
>
> +15% → 100元/天
>
> +5% ~ +15% → 150元/天
>
> 0% ~ +5% → 300元/天
>
> -5% ~ 0% → 1500元/天
>
> -10% ~ -5% → 3000元/天
>
> < -10% → 4000元/天 + 梭哈
============================================================
日志备用渠道 - 2026-08-05T14:10:00.445793+08:00
============================================================
[515450ETF] 日期=2026-08-04, 价格=1.42元, 均线=1.42元, 偏离度=-0.02%, 状态=价格略低于均线，正常区间, 建议=可小额定投
[纳斯达克100] 日期=2026-08-04, 价格=29733.16点, 均线=26554.66点, 偏离度=11.97%, 近1年最高=30660.6点, 回撤=-3.02%, PE=31.66(51.95%), PB=9.49(85.6%), 评级=合理, 状态=价格显著高于均线，考虑减仓, 建议=持有不动

2026-08-05 06:10:00,445 [INFO] 日志备用渠道已记录
2026-08-05 06:10:00,445 [INFO] PushDeer 推送中...（第 1 次尝试）
2026-08-05 06:10:02,826 [INFO] PushDeer 推送成功
2026-08-05 06:10:02,828 [INFO] 状态文件已保存: /home/runner/work/auto-invest-reminder/auto-invest-reminder/logs/combined_20260805_status.json
2026-08-05 06:10:02,828 [INFO] ==================================================
2026-08-05 06:10:02,828 [INFO] 脚本执行完成 - 成功
2026-08-05 06:10:02,828 [INFO] 摘要: ETF: 成功 | 纳斯达克: 成功 | 推送: 成功
2026-08-05 06:10:02,828 [INFO] ==================================================
2026-08-05 06:14:37,386 [INFO] ==================================================
2026-08-05 06:14:37,387 [INFO] 合并定投提醒脚本启动 - 20260805
2026-08-05 06:14:37,387 [INFO] ==================================================
2026-08-05 06:14:37,387 [INFO] --- 获取 515450 ETF 数据 ---
2026-08-05 06:14:39,310 [INFO] 515450红利低波50ETF 数据获取成功，共 1563 条记录（第 1 次尝试）
2026-08-05 06:14:39,311 [INFO] 指标计算完成: 当前价格=1.42元, 250日均线=1.42元, 偏离度=-0.02%
2026-08-05 06:14:39,311 [INFO] 515450红利低波50ETF 分析完成: 价格略低于均线，正常区间
2026-08-05 06:14:39,311 [INFO] --- 获取纳斯达克100指数数据 ---
2026-08-05 06:14:39,519 [INFO] 纳斯达克100指数 数据获取成功，共 3133 条记录（第 1 次尝试）
2026-08-05 06:14:39,520 [INFO] 指标计算完成: 当前价格=29733.16点, 200日均线=26554.66点, 偏离度=+11.97%
2026-08-05 06:14:39,521 [INFO] nasdaq_valuation_fetcher 模块不可用，尝试蛋卷基金API...
2026-08-05 06:14:39,521 [DEBUG] 请求蛋卷API: https://danjuanfunds.com/djapi/index_eva/pe_history/NDX?day=all
2026-08-05 06:14:40,378 [INFO] 蛋卷 NDX PE 获取成功, 514 条记录, 当前值=31.6647
2026-08-05 06:14:40,379 [DEBUG] 请求蛋卷API: https://danjuanfunds.com/djapi/index_eva/pb_history/NDX?day=all
2026-08-05 06:14:41,271 [INFO] 蛋卷 NDX PB 获取成功, 514 条记录, 当前值=9.4916
2026-08-05 06:14:41,272 [INFO] 纳斯达克100指数 分析完成: 价格显著高于均线，考虑减仓
2026-08-05 06:14:41,272 [INFO] 推送消息已构建
2026-08-05 06:14:41,272 [DEBUG] 消息内容:
【Trae】定投偏离度 - 2026-08-04

### 515450红利低波50ETF

- 当前价格：1.42元
- 250日均线：1.42元
- 偏离度：-0.0%
- 状态：价格略低于均线，正常区间
- 建议：可小额定投

> 偏离度≤-6%持有60天胜率100%收益6%，出现日期2022年10-11月、2023年12月-2024年1月、2024年9月，以及最近的 2026年6月底-7月初
---
### 纳斯达克100指数

- 当前价格：29733.16点
- 200日均线：26554.66点
- 偏离度：+12.0%
- 近1年最高：30660.6点
- 回撤幅度：-3.0%
- PE：31.66（近10年 51.95% 百分位）
- PB：9.49（近10年 85.6% 百分位）
- 状态：价格显著高于均线，考虑减仓
- 建议：持有不动

> 回撤：每年都会有15%~20%的回撤，重点关注
> Allin：偏离度<-10% allin，持有2年最少赚+27.6%，持有4年最少+117%
>
> 定投：
>
> +15% → 100元/天
>
> +5% ~ +15% → 150元/天
>
> 0% ~ +5% → 300元/天
>
> -5% ~ 0% → 1500元/天
>
> -10% ~ -5% → 3000元/天
>
> < -10% → 4000元/天 + 梭哈
============================================================
日志备用渠道 - 2026-08-05T14:14:41.272885+08:00
============================================================
[515450ETF] 日期=2026-08-04, 价格=1.42元, 均线=1.42元, 偏离度=-0.02%, 状态=价格略低于均线，正常区间, 建议=可小额定投
[纳斯达克100] 日期=2026-08-04, 价格=29733.16点, 均线=26554.66点, 偏离度=11.97%, 近1年最高=30660.6点, 回撤=-3.02%, PE=31.66(51.95%), PB=9.49(85.6%), 评级=合理, 状态=价格显著高于均线，考虑减仓, 建议=持有不动

2026-08-05 06:14:41,272 [INFO] 日志备用渠道已记录
2026-08-05 06:14:41,273 [INFO] PushDeer 推送中...（第 1 次尝试）
2026-08-05 06:14:43,692 [INFO] PushDeer 推送成功
2026-08-05 06:14:43,694 [INFO] 状态文件已保存: /home/runner/work/auto-invest-reminder/auto-invest-reminder/logs/combined_20260805_status.json
2026-08-05 06:14:43,694 [INFO] ==================================================
2026-08-05 06:14:43,694 [INFO] 脚本执行完成 - 成功
2026-08-05 06:14:43,694 [INFO] 摘要: ETF: 成功 | 纳斯达克: 成功 | 推送: 成功
2026-08-05 06:14:43,694 [INFO] ==================================================
2026-08-05 06:40:38,151 [INFO] ==================================================
2026-08-05 06:40:38,151 [INFO] 合并定投提醒脚本启动 - 20260805
2026-08-05 06:40:38,151 [INFO] ==================================================
2026-08-05 06:40:38,151 [INFO] --- 获取 515450 ETF 数据 ---
2026-08-05 06:40:41,141 [INFO] 515450红利低波50ETF 数据获取成功，共 1563 条记录（第 1 次尝试）
2026-08-05 06:40:41,143 [INFO] 指标计算完成: 当前价格=1.42元, 250日均线=1.42元, 偏离度=-0.02%
2026-08-05 06:40:41,143 [INFO] 515450红利低波50ETF 分析完成: 价格略低于均线，正常区间
2026-08-05 06:40:41,143 [INFO] --- 获取纳斯达克100指数数据 ---
2026-08-05 06:40:41,457 [INFO] 纳斯达克100指数 数据获取成功，共 3133 条记录（第 1 次尝试）
2026-08-05 06:40:41,458 [INFO] 指标计算完成: 当前价格=29733.16点, 200日均线=26554.66点, 偏离度=+11.97%
2026-08-05 06:40:41,459 [INFO] nasdaq_valuation_fetcher 模块不可用，尝试蛋卷基金API...
2026-08-05 06:40:41,459 [DEBUG] 请求蛋卷API: https://danjuanfunds.com/djapi/index_eva/pe_history/NDX?day=all
2026-08-05 06:40:42,135 [INFO] 蛋卷 NDX PE 获取成功, 514 条记录, 当前值=31.6647
2026-08-05 06:40:42,137 [DEBUG] 请求蛋卷API: https://danjuanfunds.com/djapi/index_eva/pb_history/NDX?day=all
2026-08-05 06:40:42,799 [INFO] 蛋卷 NDX PB 获取成功, 514 条记录, 当前值=9.4916
2026-08-05 06:40:42,801 [INFO] 纳斯达克100指数 分析完成: 价格显著高于均线，考虑减仓
2026-08-05 06:40:42,801 [INFO] 推送消息已构建
2026-08-05 06:40:42,801 [DEBUG] 消息内容:
【Trae】定投偏离度 - 2026-08-04

### 515450红利低波50ETF

- 当前价格：1.42元
- 250日均线：1.42元
- 偏离度：-0.0%
- 状态：价格略低于均线，正常区间
- 建议：可小额定投

> 偏离度≤-6%持有60天胜率100%收益6%，出现日期2022年10-11月、2023年12月-2024年1月、2024年9月，以及最近的 2026年6月底-7月初
---
### 纳斯达克100指数

- 当前价格：29733.16点
- 200日均线：26554.66点
- 偏离度：+12.0%
- 近1年最高：30660.6点
- 回撤幅度：-3.0%
- PE：31.66（近10年 51.95% 百分位）
- PB：9.49（近10年 85.6% 百分位）
- 状态：价格显著高于均线，考虑减仓
- 建议：持有不动

> 回撤：每年都会有15%~20%的回撤，重点关注
> Allin：偏离度<-10% allin，持有2年最少赚+27.6%，持有4年最少+117%
>
> 定投：
>
> +15% → 100元/天
>
> +5% ~ +15% → 150元/天
>
> 0% ~ +5% → 300元/天
>
> -5% ~ 0% → 1500元/天
>
> -10% ~ -5% → 3000元/天
>
> < -10% → 4000元/天 + 梭哈
============================================================
日志备用渠道 - 2026-08-05T14:40:42.801843+08:00
============================================================
[515450ETF] 日期=2026-08-04, 价格=1.42元, 均线=1.42元, 偏离度=-0.02%, 状态=价格略低于均线，正常区间, 建议=可小额定投
[纳斯达克100] 日期=2026-08-04, 价格=29733.16点, 均线=26554.66点, 偏离度=11.97%, 近1年最高=30660.6点, 回撤=-3.02%, PE=31.66(51.95%), PB=9.49(85.6%), 评级=合理, 状态=价格显著高于均线，考虑减仓, 建议=持有不动

2026-08-05 06:40:42,801 [INFO] 日志备用渠道已记录
2026-08-05 06:40:42,801 [INFO] PushDeer 推送中...（第 1 次尝试）
2026-08-05 06:40:45,431 [INFO] PushDeer 推送成功
2026-08-05 06:40:45,432 [INFO] 状态文件已保存: /home/runner/work/auto-invest-reminder/auto-invest-reminder/logs/combined_20260805_status.json
2026-08-05 06:40:45,433 [INFO] ==================================================
2026-08-05 06:40:45,433 [INFO] 脚本执行完成 - 成功
2026-08-05 06:40:45,433 [INFO] 摘要: ETF: 成功 | 纳斯达克: 成功 | 推送: 成功
2026-08-05 06:40:45,433 [INFO] ==================================================
2026-08-06 03:26:59,193 [INFO] ==================================================
2026-08-06 03:26:59,193 [INFO] 合并定投提醒脚本启动 - 20260806
2026-08-06 03:26:59,193 [INFO] ==================================================
2026-08-06 03:26:59,193 [INFO] --- 获取 515450 ETF 数据 ---
2026-08-06 03:27:00,675 [INFO] 515450红利低波50ETF 数据获取成功，共 1564 条记录（第 1 次尝试）
2026-08-06 03:27:00,677 [INFO] 指标计算完成: 当前价格=1.40元, 250日均线=1.42元, 偏离度=-1.27%
2026-08-06 03:27:00,677 [INFO] 515450红利低波50ETF 分析完成: 价格低于均线，可考虑定投
2026-08-06 03:27:00,677 [INFO] --- 获取纳斯达克100指数数据 ---
2026-08-06 03:27:00,942 [INFO] 纳斯达克100指数 数据获取成功，共 3134 条记录（第 1 次尝试）
2026-08-06 03:27:00,944 [INFO] 指标计算完成: 当前价格=29487.79点, 200日均线=26578.81点, 偏离度=+10.94%
2026-08-06 03:27:00,944 [INFO] nasdaq_valuation_fetcher 模块不可用，尝试蛋卷基金API...
2026-08-06 03:27:00,944 [DEBUG] 请求蛋卷API: https://danjuanfunds.com/djapi/index_eva/pe_history/NDX?day=all
2026-08-06 03:27:02,769 [INFO] 蛋卷 NDX PE 获取成功, 514 条记录, 当前值=31.6423
2026-08-06 03:27:02,770 [DEBUG] 请求蛋卷API: https://danjuanfunds.com/djapi/index_eva/pb_history/NDX?day=all
2026-08-06 03:27:03,434 [INFO] 蛋卷 NDX PB 获取成功, 514 条记录, 当前值=9.5095
2026-08-06 03:27:03,435 [INFO] 纳斯达克100指数 分析完成: 价格显著高于均线，考虑减仓
2026-08-06 03:27:03,435 [INFO] 推送消息已构建
2026-08-06 03:27:03,435 [DEBUG] 消息内容:
【Trae】定投偏离度 - 2026-08-05

### 515450红利低波50ETF

- 当前价格：1.4元
- 250日均线：1.42元
- 偏离度：-1.3%
- 状态：价格低于均线，可考虑定投
- 建议：定投买入

> 偏离度≤-6%持有60天胜率100%收益6%，出现日期2022年10-11月、2023年12月-2024年1月、2024年9月，以及最近的 2026年6月底-7月初
---
### 纳斯达克100指数

- 当前价格：29487.79点
- 200日均线：26578.81点
- 偏离度：+10.9%
- 近1年最高：30660.6点
- 回撤幅度：-3.8%
- PE：31.64（近10年 51.95% 百分位）
- PB：9.51（近10年 85.99% 百分位）
- 状态：价格显著高于均线，考虑减仓
- 建议：持有不动

> 回撤：每年都会有15%~20%的回撤，重点关注
> Allin：偏离度<-10% allin，持有2年最少赚+27.6%，持有4年最少+117%
>
> 定投：
>
> +15% → 100元/天
>
> +5% ~ +15% → 150元/天
>
> 0% ~ +5% → 300元/天
>
> -5% ~ 0% → 1500元/天
>
> -10% ~ -5% → 3000元/天
>
> < -10% → 4000元/天 + 梭哈
============================================================
日志备用渠道 - 2026-08-06T11:27:03.435713+08:00
============================================================
[515450ETF] 日期=2026-08-05, 价格=1.4元, 均线=1.42元, 偏离度=-1.27%, 状态=价格低于均线，可考虑定投, 建议=定投买入
[纳斯达克100] 日期=2026-08-05, 价格=29487.79点, 均线=26578.81点, 偏离度=10.94%, 近1年最高=30660.6点, 回撤=-3.83%, PE=31.64(51.95%), PB=9.51(85.99%), 评级=合理, 状态=价格显著高于均线，考虑减仓, 建议=持有不动

2026-08-06 03:27:03,435 [INFO] 日志备用渠道已记录
2026-08-06 03:27:03,435 [INFO] PushDeer 推送中...（第 1 次尝试）
2026-08-06 03:27:04,915 [INFO] PushDeer 推送成功
2026-08-06 03:27:04,917 [INFO] 状态文件已保存: /home/runner/work/auto-invest-reminder/auto-invest-reminder/logs/combined_20260806_status.json
2026-08-06 03:27:04,917 [INFO] ==================================================
2026-08-06 03:27:04,917 [INFO] 脚本执行完成 - 成功
2026-08-06 03:27:04,917 [INFO] 摘要: ETF: 成功 | 纳斯达克: 成功 | 推送: 成功
2026-08-06 03:27:04,917 [INFO] ==================================================
2026-08-06 06:40:36,216 [INFO] ==================================================
2026-08-06 06:40:36,216 [INFO] 合并定投提醒脚本启动 - 20260806
2026-08-06 06:40:36,216 [INFO] ==================================================
2026-08-06 06:40:36,216 [INFO] --- 获取 515450 ETF 数据 ---
2026-08-06 06:40:38,121 [INFO] 515450红利低波50ETF 数据获取成功，共 1564 条记录（第 1 次尝试）
2026-08-06 06:40:38,122 [INFO] 指标计算完成: 当前价格=1.40元, 250日均线=1.42元, 偏离度=-1.27%
2026-08-06 06:40:38,122 [INFO] 515450红利低波50ETF 分析完成: 价格低于均线，可考虑定投
2026-08-06 06:40:38,122 [INFO] --- 获取纳斯达克100指数数据 ---
2026-08-06 06:40:38,436 [INFO] 纳斯达克100指数 数据获取成功，共 3134 条记录（第 1 次尝试）
2026-08-06 06:40:38,438 [INFO] 指标计算完成: 当前价格=29487.79点, 200日均线=26578.81点, 偏离度=+10.94%
2026-08-06 06:40:38,438 [INFO] nasdaq_valuation_fetcher 模块不可用，尝试蛋卷基金API...
2026-08-06 06:40:38,439 [DEBUG] 请求蛋卷API: https://danjuanfunds.com/djapi/index_eva/pe_history/NDX?day=all
2026-08-06 06:40:39,074 [INFO] 蛋卷 NDX PE 获取成功, 514 条记录, 当前值=31.6423
2026-08-06 06:40:39,075 [DEBUG] 请求蛋卷API: https://danjuanfunds.com/djapi/index_eva/pb_history/NDX?day=all
2026-08-06 06:40:39,833 [INFO] 蛋卷 NDX PB 获取成功, 514 条记录, 当前值=9.5095
2026-08-06 06:40:39,835 [INFO] 纳斯达克100指数 分析完成: 价格显著高于均线，考虑减仓
2026-08-06 06:40:39,835 [INFO] 推送消息已构建
2026-08-06 06:40:39,835 [DEBUG] 消息内容:
【Trae】定投偏离度 - 2026-08-05

### 515450红利低波50ETF

- 当前价格：1.4元
- 250日均线：1.42元
- 偏离度：-1.3%
- 状态：价格低于均线，可考虑定投
- 建议：定投买入

> 偏离度≤-6%持有60天胜率100%收益6%，出现日期2022年10-11月、2023年12月-2024年1月、2024年9月，以及最近的 2026年6月底-7月初
---
### 纳斯达克100指数

- 当前价格：29487.79点
- 200日均线：26578.81点
- 偏离度：+10.9%
- 近1年最高：30660.6点
- 回撤幅度：-3.8%
- PE：31.64（近10年 51.95% 百分位）
- PB：9.51（近10年 85.99% 百分位）
- 状态：价格显著高于均线，考虑减仓
- 建议：持有不动

> 回撤：每年都会有15%~20%的回撤，重点关注
> Allin：偏离度<-10% allin，持有2年最少赚+27.6%，持有4年最少+117%
>
> 定投：
>
> +15% → 100元/天
>
> +5% ~ +15% → 150元/天
>
> 0% ~ +5% → 300元/天
>
> -5% ~ 0% → 1500元/天
>
> -10% ~ -5% → 3000元/天
>
> < -10% → 4000元/天 + 梭哈
============================================================
日志备用渠道 - 2026-08-06T14:40:39.835561+08:00
============================================================
[515450ETF] 日期=2026-08-05, 价格=1.4元, 均线=1.42元, 偏离度=-1.27%, 状态=价格低于均线，可考虑定投, 建议=定投买入
[纳斯达克100] 日期=2026-08-05, 价格=29487.79点, 均线=26578.81点, 偏离度=10.94%, 近1年最高=30660.6点, 回撤=-3.83%, PE=31.64(51.95%), PB=9.51(85.99%), 评级=合理, 状态=价格显著高于均线，考虑减仓, 建议=持有不动

2026-08-06 06:40:39,835 [INFO] 日志备用渠道已记录
2026-08-06 06:40:39,835 [INFO] PushDeer 推送中...（第 1 次尝试）
2026-08-06 06:40:41,192 [INFO] PushDeer 推送成功
2026-08-06 06:40:41,194 [INFO] 状态文件已保存: /home/runner/work/auto-invest-reminder/auto-invest-reminder/logs/combined_20260806_status.json
2026-08-06 06:40:41,194 [INFO] ==================================================
2026-08-06 06:40:41,194 [INFO] 脚本执行完成 - 成功
2026-08-06 06:40:41,194 [INFO] 摘要: ETF: 成功 | 纳斯达克: 成功 | 推送: 成功
2026-08-06 06:40:41,194 [INFO] ==================================================
2026-08-07 03:12:13,432 [INFO] ==================================================
2026-08-07 03:12:13,432 [INFO] 合并定投提醒脚本启动 - 20260807
2026-08-07 03:12:13,432 [INFO] ==================================================
2026-08-07 03:12:13,432 [INFO] --- 获取 515450 ETF 数据 ---
2026-08-07 03:12:15,504 [INFO] 515450红利低波50ETF 数据获取成功，共 1565 条记录（第 1 次尝试）
2026-08-07 03:12:15,505 [INFO] 指标计算完成: 当前价格=1.41元, 250日均线=1.42元, 偏离度=-1.11%
2026-08-07 03:12:15,505 [INFO] 515450红利低波50ETF 分析完成: 价格低于均线，可考虑定投
2026-08-07 03:12:15,505 [INFO] --- 获取纳斯达克100指数数据 ---
2026-08-07 03:12:15,821 [INFO] 纳斯达克100指数 数据获取成功，共 3135 条记录（第 1 次尝试）
2026-08-07 03:12:15,823 [INFO] 指标计算完成: 当前价格=29373.33点, 200日均线=26601.59点, 偏离度=+10.42%
2026-08-07 03:12:15,823 [INFO] nasdaq_valuation_fetcher 模块不可用，尝试蛋卷基金API...
2026-08-07 03:12:15,823 [DEBUG] 请求蛋卷API: https://danjuanfunds.com/djapi/index_eva/pe_history/NDX?day=all
2026-08-07 03:12:16,392 [INFO] 蛋卷 NDX PE 获取成功, 513 条记录, 当前值=30.9769
2026-08-07 03:12:16,393 [DEBUG] 请求蛋卷API: https://danjuanfunds.com/djapi/index_eva/pb_history/NDX?day=all
2026-08-07 03:12:17,041 [INFO] 蛋卷 NDX PB 获取成功, 513 条记录, 当前值=9.3699
2026-08-07 03:12:17,042 [INFO] 纳斯达克100指数 分析完成: 价格显著高于均线，考虑减仓
2026-08-07 03:12:17,043 [INFO] 推送消息已构建
2026-08-07 03:12:17,043 [DEBUG] 消息内容:
【Trae】定投偏离度 - 2026-08-06

### 515450红利低波50ETF

- 当前价格：1.41元
- 250日均线：1.42元
- 偏离度：-1.1%
- 状态：价格低于均线，可考虑定投
- 建议：定投买入

> 偏离度≤-6%持有60天胜率100%收益6%，出现日期2022年10-11月、2023年12月-2024年1月、2024年9月，以及最近的 2026年6月底-7月初
---
### 纳斯达克100指数

- 当前价格：29373.33点
- 200日均线：26601.59点
- 偏离度：+10.4%
- 近1年最高：30660.6点
- 回撤幅度：-4.2%
- PE：30.98（近10年 49.9% 百分位）
- PB：9.37（近10年 81.68% 百分位）
- 状态：价格显著高于均线，考虑减仓
- 建议：持有不动

> 回撤：每年都会有15%~20%的回撤，重点关注
> Allin：偏离度<-10% allin，持有2年最少赚+27.6%，持有4年最少+117%
>
> 定投：
>
> +15% → 100元/天
>
> +5% ~ +15% → 150元/天
>
> 0% ~ +5% → 300元/天
>
> -5% ~ 0% → 1500元/天
>
> -10% ~ -5% → 3000元/天
>
> < -10% → 4000元/天 + 梭哈
============================================================
日志备用渠道 - 2026-08-07T11:12:17.043301+08:00
============================================================
[515450ETF] 日期=2026-08-06, 价格=1.41元, 均线=1.42元, 偏离度=-1.11%, 状态=价格低于均线，可考虑定投, 建议=定投买入
[纳斯达克100] 日期=2026-08-06, 价格=29373.33点, 均线=26601.59点, 偏离度=10.42%, 近1年最高=30660.6点, 回撤=-4.2%, PE=30.98(49.9%), PB=9.37(81.68%), 评级=合理, 状态=价格显著高于均线，考虑减仓, 建议=持有不动

2026-08-07 03:12:17,043 [INFO] 日志备用渠道已记录
2026-08-07 03:12:17,043 [INFO] PushDeer 推送中...（第 1 次尝试）
2026-08-07 03:12:18,433 [INFO] PushDeer 推送成功
2026-08-07 03:12:18,434 [INFO] 状态文件已保存: /home/runner/work/auto-invest-reminder/auto-invest-reminder/logs/combined_20260807_status.json
2026-08-07 03:12:18,434 [INFO] ==================================================
2026-08-07 03:12:18,434 [INFO] 脚本执行完成 - 成功
2026-08-07 03:12:18,435 [INFO] 摘要: ETF: 成功 | 纳斯达克: 成功 | 推送: 成功
2026-08-07 03:12:18,435 [INFO] ==================================================
2026-08-07 06:40:32,090 [INFO] ==================================================
2026-08-07 06:40:32,090 [INFO] 合并定投提醒脚本启动 - 20260807
2026-08-07 06:40:32,090 [INFO] ==================================================
2026-08-07 06:40:32,090 [INFO] --- 获取 515450 ETF 数据 ---
2026-08-07 06:40:33,731 [INFO] 515450红利低波50ETF 数据获取成功，共 1565 条记录（第 1 次尝试）
2026-08-07 06:40:33,732 [INFO] 指标计算完成: 当前价格=1.41元, 250日均线=1.42元, 偏离度=-1.11%
2026-08-07 06:40:33,732 [INFO] 515450红利低波50ETF 分析完成: 价格低于均线，可考虑定投
2026-08-07 06:40:33,732 [INFO] --- 获取纳斯达克100指数数据 ---
2026-08-07 06:40:34,004 [INFO] 纳斯达克100指数 数据获取成功，共 3135 条记录（第 1 次尝试）
2026-08-07 06:40:34,006 [INFO] 指标计算完成: 当前价格=29373.33点, 200日均线=26601.59点, 偏离度=+10.42%
2026-08-07 06:40:34,006 [INFO] nasdaq_valuation_fetcher 模块不可用，尝试蛋卷基金API...
2026-08-07 06:40:34,007 [DEBUG] 请求蛋卷API: https://danjuanfunds.com/djapi/index_eva/pe_history/NDX?day=all
2026-08-07 06:40:34,653 [INFO] 蛋卷 NDX PE 获取成功, 513 条记录, 当前值=30.9769
2026-08-07 06:40:34,654 [DEBUG] 请求蛋卷API: https://danjuanfunds.com/djapi/index_eva/pb_history/NDX?day=all
2026-08-07 06:40:35,372 [INFO] 蛋卷 NDX PB 获取成功, 513 条记录, 当前值=9.3699
2026-08-07 06:40:35,374 [INFO] 纳斯达克100指数 分析完成: 价格显著高于均线，考虑减仓
2026-08-07 06:40:35,374 [INFO] 推送消息已构建
2026-08-07 06:40:35,374 [DEBUG] 消息内容:
【Trae】定投偏离度 - 2026-08-06

### 515450红利低波50ETF

- 当前价格：1.41元
- 250日均线：1.42元
- 偏离度：-1.1%
- 状态：价格低于均线，可考虑定投
- 建议：定投买入

> 偏离度≤-6%持有60天胜率100%收益6%，出现日期2022年10-11月、2023年12月-2024年1月、2024年9月，以及最近的 2026年6月底-7月初
---
### 纳斯达克100指数

- 当前价格：29373.33点
- 200日均线：26601.59点
- 偏离度：+10.4%
- 近1年最高：30660.6点
- 回撤幅度：-4.2%
- PE：30.98（近10年 49.9% 百分位）
- PB：9.37（近10年 81.68% 百分位）
- 状态：价格显著高于均线，考虑减仓
- 建议：持有不动

> 回撤：每年都会有15%~20%的回撤，重点关注
> Allin：偏离度<-10% allin，持有2年最少赚+27.6%，持有4年最少+117%
>
> 定投：
>
> +15% → 100元/天
>
> +5% ~ +15% → 150元/天
>
> 0% ~ +5% → 300元/天
>
> -5% ~ 0% → 1500元/天
>
> -10% ~ -5% → 3000元/天
>
> < -10% → 4000元/天 + 梭哈
============================================================
日志备用渠道 - 2026-08-07T14:40:35.374660+08:00
============================================================
[515450ETF] 日期=2026-08-06, 价格=1.41元, 均线=1.42元, 偏离度=-1.11%, 状态=价格低于均线，可考虑定投, 建议=定投买入
[纳斯达克100] 日期=2026-08-06, 价格=29373.33点, 均线=26601.59点, 偏离度=10.42%, 近1年最高=30660.6点, 回撤=-4.2%, PE=30.98(49.9%), PB=9.37(81.68%), 评级=合理, 状态=价格显著高于均线，考虑减仓, 建议=持有不动

2026-08-07 06:40:35,374 [INFO] 日志备用渠道已记录
2026-08-07 06:40:35,374 [INFO] PushDeer 推送中...（第 1 次尝试）
2026-08-07 06:40:36,676 [INFO] PushDeer 推送成功
2026-08-07 06:40:36,677 [INFO] 状态文件已保存: /home/runner/work/auto-invest-reminder/auto-invest-reminder/logs/combined_20260807_status.json
2026-08-07 06:40:36,677 [INFO] ==================================================
2026-08-07 06:40:36,677 [INFO] 脚本执行完成 - 成功
2026-08-07 06:40:36,677 [INFO] 摘要: ETF: 成功 | 纳斯达克: 成功 | 推送: 成功
2026-08-07 06:40:36,677 [INFO] ==================================================
2026-08-08 02:09:10,542 [INFO] ==================================================
2026-08-08 02:09:10,542 [INFO] 合并定投提醒脚本启动 - 20260808
2026-08-08 02:09:10,542 [INFO] ==================================================
2026-08-08 02:09:10,542 [INFO] --- 获取 515450 ETF 数据 ---
2026-08-08 02:09:13,604 [INFO] 515450红利低波50ETF 数据获取成功，共 1566 条记录（第 1 次尝试）
2026-08-08 02:09:13,605 [INFO] 指标计算完成: 当前价格=1.40元, 250日均线=1.42元, 偏离度=-1.87%
2026-08-08 02:09:13,606 [INFO] 515450红利低波50ETF 分析完成: 价格低于均线，可考虑定投
2026-08-08 02:09:13,606 [INFO] --- 获取纳斯达克100指数数据 ---
2026-08-08 02:09:13,830 [INFO] 纳斯达克100指数 数据获取成功，共 3136 条记录（第 1 次尝试）
2026-08-08 02:09:13,831 [INFO] 指标计算完成: 当前价格=29722.30点, 200日均线=26624.49点, 偏离度=+11.64%
2026-08-08 02:09:13,832 [INFO] nasdaq_valuation_fetcher 模块不可用，尝试蛋卷基金API...
2026-08-08 02:09:13,832 [DEBUG] 请求蛋卷API: https://danjuanfunds.com/djapi/index_eva/pe_history/NDX?day=all
2026-08-08 02:09:14,775 [INFO] 蛋卷 NDX PE 获取成功, 513 条记录, 当前值=31.3583
2026-08-08 02:09:14,777 [DEBUG] 请求蛋卷API: https://danjuanfunds.com/djapi/index_eva/pb_history/NDX?day=all
2026-08-08 02:09:15,643 [INFO] 蛋卷 NDX PB 获取成功, 513 条记录, 当前值=9.4854
2026-08-08 02:09:15,644 [INFO] 纳斯达克100指数 分析完成: 价格显著高于均线，考虑减仓
2026-08-08 02:09:15,645 [INFO] 推送消息已构建
2026-08-08 02:09:15,645 [DEBUG] 消息内容:
【Trae】定投偏离度 - 2026-08-07

### 515450红利低波50ETF

- 当前价格：1.4元
- 250日均线：1.42元
- 偏离度：-1.9%
- 状态：价格低于均线，可考虑定投
- 建议：定投买入

> 偏离度≤-6%持有60天胜率100%收益6%，出现日期2022年10-11月、2023年12月-2024年1月、2024年9月，以及最近的 2026年6月底-7月初
---
### 纳斯达克100指数

- 当前价格：29722.3点
- 200日均线：26624.49点
- 偏离度：+11.6%
- 近1年最高：30660.6点
- 回撤幅度：-3.1%
- PE：31.36（近10年 51.27% 百分位）
- PB：9.49（近10年 85.58% 百分位）
- 状态：价格显著高于均线，考虑减仓
- 建议：持有不动

> 回撤：每年都会有15%~20%的回撤，重点关注
> Allin：偏离度<-10% allin，持有2年最少赚+27.6%，持有4年最少+117%
>
> 定投：
>
> +15% → 100元/天
>
> +5% ~ +15% → 150元/天
>
> 0% ~ +5% → 300元/天
>
> -5% ~ 0% → 1500元/天
>
> -10% ~ -5% → 3000元/天
>
> < -10% → 4000元/天 + 梭哈
============================================================
日志备用渠道 - 2026-08-08T10:09:15.645302+08:00
============================================================
[515450ETF] 日期=2026-08-07, 价格=1.4元, 均线=1.42元, 偏离度=-1.87%, 状态=价格低于均线，可考虑定投, 建议=定投买入
[纳斯达克100] 日期=2026-08-07, 价格=29722.3点, 均线=26624.49点, 偏离度=11.64%, 近1年最高=30660.6点, 回撤=-3.06%, PE=31.36(51.27%), PB=9.49(85.58%), 评级=合理, 状态=价格显著高于均线，考虑减仓, 建议=持有不动

2026-08-08 02:09:15,645 [INFO] 日志备用渠道已记录
2026-08-08 02:09:15,645 [INFO] PushDeer 推送中...（第 1 次尝试）
2026-08-08 02:09:17,361 [INFO] PushDeer 推送成功
2026-08-08 02:09:17,363 [INFO] 状态文件已保存: /home/runner/work/auto-invest-reminder/auto-invest-reminder/logs/combined_20260808_status.json
2026-08-08 02:09:17,363 [INFO] ==================================================
2026-08-08 02:09:17,363 [INFO] 脚本执行完成 - 成功
2026-08-08 02:09:17,363 [INFO] 摘要: ETF: 成功 | 纳斯达克: 成功 | 推送: 成功
2026-08-08 02:09:17,363 [INFO] ==================================================
2026-08-08 06:40:26,565 [INFO] ==================================================
2026-08-08 06:40:26,565 [INFO] 合并定投提醒脚本启动 - 20260808
2026-08-08 06:40:26,565 [INFO] ==================================================
2026-08-08 06:40:26,565 [INFO] --- 获取 515450 ETF 数据 ---
2026-08-08 06:40:29,094 [INFO] 515450红利低波50ETF 数据获取成功，共 1566 条记录（第 1 次尝试）
2026-08-08 06:40:29,095 [INFO] 指标计算完成: 当前价格=1.40元, 250日均线=1.42元, 偏离度=-1.87%
2026-08-08 06:40:29,095 [INFO] 515450红利低波50ETF 分析完成: 价格低于均线，可考虑定投
2026-08-08 06:40:29,095 [INFO] --- 获取纳斯达克100指数数据 ---
2026-08-08 06:40:29,400 [INFO] 纳斯达克100指数 数据获取成功，共 3136 条记录（第 1 次尝试）
2026-08-08 06:40:29,401 [INFO] 指标计算完成: 当前价格=29722.30点, 200日均线=26624.49点, 偏离度=+11.64%
2026-08-08 06:40:29,402 [INFO] nasdaq_valuation_fetcher 模块不可用，尝试蛋卷基金API...
2026-08-08 06:40:29,402 [DEBUG] 请求蛋卷API: https://danjuanfunds.com/djapi/index_eva/pe_history/NDX?day=all
2026-08-08 06:40:30,023 [INFO] 蛋卷 NDX PE 获取成功, 513 条记录, 当前值=31.3583
2026-08-08 06:40:30,024 [DEBUG] 请求蛋卷API: https://danjuanfunds.com/djapi/index_eva/pb_history/NDX?day=all
2026-08-08 06:40:30,722 [INFO] 蛋卷 NDX PB 获取成功, 513 条记录, 当前值=9.4854
2026-08-08 06:40:30,723 [INFO] 纳斯达克100指数 分析完成: 价格显著高于均线，考虑减仓
2026-08-08 06:40:30,724 [INFO] 推送消息已构建
2026-08-08 06:40:30,724 [DEBUG] 消息内容:
【Trae】定投偏离度 - 2026-08-07

### 515450红利低波50ETF

- 当前价格：1.4元
- 250日均线：1.42元
- 偏离度：-1.9%
- 状态：价格低于均线，可考虑定投
- 建议：定投买入

> 偏离度≤-6%持有60天胜率100%收益6%，出现日期2022年10-11月、2023年12月-2024年1月、2024年9月，以及最近的 2026年6月底-7月初
---
### 纳斯达克100指数

- 当前价格：29722.3点
- 200日均线：26624.49点
- 偏离度：+11.6%
- 近1年最高：30660.6点
- 回撤幅度：-3.1%
- PE：31.36（近10年 51.27% 百分位）
- PB：9.49（近10年 85.58% 百分位）
- 状态：价格显著高于均线，考虑减仓
- 建议：持有不动

> 回撤：每年都会有15%~20%的回撤，重点关注
> Allin：偏离度<-10% allin，持有2年最少赚+27.6%，持有4年最少+117%
>
> 定投：
>
> +15% → 100元/天
>
> +5% ~ +15% → 150元/天
>
> 0% ~ +5% → 300元/天
>
> -5% ~ 0% → 1500元/天
>
> -10% ~ -5% → 3000元/天
>
> < -10% → 4000元/天 + 梭哈
============================================================
日志备用渠道 - 2026-08-08T14:40:30.724379+08:00
============================================================
[515450ETF] 日期=2026-08-07, 价格=1.4元, 均线=1.42元, 偏离度=-1.87%, 状态=价格低于均线，可考虑定投, 建议=定投买入
[纳斯达克100] 日期=2026-08-07, 价格=29722.3点, 均线=26624.49点, 偏离度=11.64%, 近1年最高=30660.6点, 回撤=-3.06%, PE=31.36(51.27%), PB=9.49(85.58%), 评级=合理, 状态=价格显著高于均线，考虑减仓, 建议=持有不动

2026-08-08 06:40:30,724 [INFO] 日志备用渠道已记录
2026-08-08 06:40:30,724 [INFO] PushDeer 推送中...（第 1 次尝试）
2026-08-08 06:40:32,419 [INFO] PushDeer 推送成功
2026-08-08 06:40:32,421 [INFO] 状态文件已保存: /home/runner/work/auto-invest-reminder/auto-invest-reminder/logs/combined_20260808_status.json
2026-08-08 06:40:32,421 [INFO] ==================================================
2026-08-08 06:40:32,421 [INFO] 脚本执行完成 - 成功
2026-08-08 06:40:32,421 [INFO] 摘要: ETF: 成功 | 纳斯达克: 成功 | 推送: 成功
2026-08-08 06:40:32,421 [INFO] ==================================================
2026-08-09 02:21:45,164 [INFO] ==================================================
2026-08-09 02:21:45,164 [INFO] 合并定投提醒脚本启动 - 20260809
2026-08-09 02:21:45,164 [INFO] ==================================================
2026-08-09 02:21:45,164 [INFO] --- 获取 515450 ETF 数据 ---
2026-08-09 02:21:49,832 [INFO] 515450红利低波50ETF 数据获取成功，共 1566 条记录（第 1 次尝试）
2026-08-09 02:21:49,833 [INFO] 指标计算完成: 当前价格=1.40元, 250日均线=1.42元, 偏离度=-1.87%
2026-08-09 02:21:49,834 [INFO] 515450红利低波50ETF 分析完成: 价格低于均线，可考虑定投
2026-08-09 02:21:49,834 [INFO] --- 获取纳斯达克100指数数据 ---
2026-08-09 02:21:50,044 [INFO] 纳斯达克100指数 数据获取成功，共 3136 条记录（第 1 次尝试）
2026-08-09 02:21:50,046 [INFO] 指标计算完成: 当前价格=29722.30点, 200日均线=26624.49点, 偏离度=+11.64%
2026-08-09 02:21:50,047 [INFO] nasdaq_valuation_fetcher 模块不可用，尝试蛋卷基金API...
2026-08-09 02:21:50,047 [DEBUG] 请求蛋卷API: https://danjuanfunds.com/djapi/index_eva/pe_history/NDX?day=all
2026-08-09 02:21:50,860 [INFO] 蛋卷 NDX PE 获取成功, 513 条记录, 当前值=31.3583
2026-08-09 02:21:50,862 [DEBUG] 请求蛋卷API: https://danjuanfunds.com/djapi/index_eva/pb_history/NDX?day=all
2026-08-09 02:21:51,695 [INFO] 蛋卷 NDX PB 获取成功, 513 条记录, 当前值=9.4854
2026-08-09 02:21:51,696 [INFO] 纳斯达克100指数 分析完成: 价格显著高于均线，考虑减仓
2026-08-09 02:21:51,696 [INFO] 推送消息已构建
2026-08-09 02:21:51,696 [DEBUG] 消息内容:
【Trae】定投偏离度 - 2026-08-07

### 515450红利低波50ETF

- 当前价格：1.4元
- 250日均线：1.42元
- 偏离度：-1.9%
- 状态：价格低于均线，可考虑定投
- 建议：定投买入

> 偏离度≤-6%持有60天胜率100%收益6%，出现日期2022年10-11月、2023年12月-2024年1月、2024年9月，以及最近的 2026年6月底-7月初
---
### 纳斯达克100指数

- 当前价格：29722.3点
- 200日均线：26624.49点
- 偏离度：+11.6%
- 近1年最高：30660.6点
- 回撤幅度：-3.1%
- PE：31.36（近10年 51.27% 百分位）
- PB：9.49（近10年 85.58% 百分位）
- 状态：价格显著高于均线，考虑减仓
- 建议：持有不动

> 回撤：每年都会有15%~20%的回撤，重点关注
> Allin：偏离度<-10% allin，持有2年最少赚+27.6%，持有4年最少+117%
>
> 定投：
>
> +15% → 100元/天
>
> +5% ~ +15% → 150元/天
>
> 0% ~ +5% → 300元/天
>
> -5% ~ 0% → 1500元/天
>
> -10% ~ -5% → 3000元/天
>
> < -10% → 4000元/天 + 梭哈
============================================================
日志备用渠道 - 2026-08-09T10:21:51.696976+08:00
============================================================
[515450ETF] 日期=2026-08-07, 价格=1.4元, 均线=1.42元, 偏离度=-1.87%, 状态=价格低于均线，可考虑定投, 建议=定投买入
[纳斯达克100] 日期=2026-08-07, 价格=29722.3点, 均线=26624.49点, 偏离度=11.64%, 近1年最高=30660.6点, 回撤=-3.06%, PE=31.36(51.27%), PB=9.49(85.58%), 评级=合理, 状态=价格显著高于均线，考虑减仓, 建议=持有不动

2026-08-09 02:21:51,697 [INFO] 日志备用渠道已记录
2026-08-09 02:21:51,697 [INFO] PushDeer 推送中...（第 1 次尝试）
2026-08-09 02:21:53,239 [INFO] PushDeer 推送成功
2026-08-09 02:21:53,241 [INFO] 状态文件已保存: /home/runner/work/auto-invest-reminder/auto-invest-reminder/logs/combined_20260809_status.json
2026-08-09 02:21:53,241 [INFO] ==================================================
2026-08-09 02:21:53,241 [INFO] 脚本执行完成 - 成功
2026-08-09 02:21:53,241 [INFO] 摘要: ETF: 成功 | 纳斯达克: 成功 | 推送: 成功
2026-08-09 02:21:53,241 [INFO] ==================================================
2026-08-09 06:40:36,334 [INFO] ==================================================
2026-08-09 06:40:36,334 [INFO] 合并定投提醒脚本启动 - 20260809
2026-08-09 06:40:36,334 [INFO] ==================================================
2026-08-09 06:40:36,334 [INFO] --- 获取 515450 ETF 数据 ---
2026-08-09 06:40:38,345 [INFO] 515450红利低波50ETF 数据获取成功，共 1566 条记录（第 1 次尝试）
2026-08-09 06:40:38,346 [INFO] 指标计算完成: 当前价格=1.40元, 250日均线=1.42元, 偏离度=-1.87%
2026-08-09 06:40:38,346 [INFO] 515450红利低波50ETF 分析完成: 价格低于均线，可考虑定投
2026-08-09 06:40:38,346 [INFO] --- 获取纳斯达克100指数数据 ---
2026-08-09 06:40:38,591 [INFO] 纳斯达克100指数 数据获取成功，共 3136 条记录（第 1 次尝试）
2026-08-09 06:40:38,593 [INFO] 指标计算完成: 当前价格=29722.30点, 200日均线=26624.49点, 偏离度=+11.64%
2026-08-09 06:40:38,593 [INFO] nasdaq_valuation_fetcher 模块不可用，尝试蛋卷基金API...
2026-08-09 06:40:38,593 [DEBUG] 请求蛋卷API: https://danjuanfunds.com/djapi/index_eva/pe_history/NDX?day=all
2026-08-09 06:40:39,314 [INFO] 蛋卷 NDX PE 获取成功, 513 条记录, 当前值=31.3583
2026-08-09 06:40:39,314 [DEBUG] 请求蛋卷API: https://danjuanfunds.com/djapi/index_eva/pb_history/NDX?day=all
2026-08-09 06:40:40,007 [INFO] 蛋卷 NDX PB 获取成功, 513 条记录, 当前值=9.4854
2026-08-09 06:40:40,008 [INFO] 纳斯达克100指数 分析完成: 价格显著高于均线，考虑减仓
2026-08-09 06:40:40,008 [INFO] 推送消息已构建
2026-08-09 06:40:40,008 [DEBUG] 消息内容:
【Trae】定投偏离度 - 2026-08-07

### 515450红利低波50ETF

- 当前价格：1.4元
- 250日均线：1.42元
- 偏离度：-1.9%
- 状态：价格低于均线，可考虑定投
- 建议：定投买入

> 偏离度≤-6%持有60天胜率100%收益6%，出现日期2022年10-11月、2023年12月-2024年1月、2024年9月，以及最近的 2026年6月底-7月初
---
### 纳斯达克100指数

- 当前价格：29722.3点
- 200日均线：26624.49点
- 偏离度：+11.6%
- 近1年最高：30660.6点
- 回撤幅度：-3.1%
- PE：31.36（近10年 51.27% 百分位）
- PB：9.49（近10年 85.58% 百分位）
- 状态：价格显著高于均线，考虑减仓
- 建议：持有不动

> 回撤：每年都会有15%~20%的回撤，重点关注
> Allin：偏离度<-10% allin，持有2年最少赚+27.6%，持有4年最少+117%
>
> 定投：
>
> +15% → 100元/天
>
> +5% ~ +15% → 150元/天
>
> 0% ~ +5% → 300元/天
>
> -5% ~ 0% → 1500元/天
>
> -10% ~ -5% → 3000元/天
>
> < -10% → 4000元/天 + 梭哈
============================================================
日志备用渠道 - 2026-08-09T14:40:40.008984+08:00
============================================================
[515450ETF] 日期=2026-08-07, 价格=1.4元, 均线=1.42元, 偏离度=-1.87%, 状态=价格低于均线，可考虑定投, 建议=定投买入
[纳斯达克100] 日期=2026-08-07, 价格=29722.3点, 均线=26624.49点, 偏离度=11.64%, 近1年最高=30660.6点, 回撤=-3.06%, PE=31.36(51.27%), PB=9.49(85.58%), 评级=合理, 状态=价格显著高于均线，考虑减仓, 建议=持有不动

2026-08-09 06:40:40,009 [INFO] 日志备用渠道已记录
2026-08-09 06:40:40,009 [INFO] PushDeer 推送中...（第 1 次尝试）
2026-08-09 06:40:41,728 [INFO] PushDeer 推送成功
2026-08-09 06:40:41,729 [INFO] 状态文件已保存: /home/runner/work/auto-invest-reminder/auto-invest-reminder/logs/combined_20260809_status.json
2026-08-09 06:40:41,729 [INFO] ==================================================
2026-08-09 06:40:41,730 [INFO] 脚本执行完成 - 成功
2026-08-09 06:40:41,730 [INFO] 摘要: ETF: 成功 | 纳斯达克: 成功 | 推送: 成功
2026-08-09 06:40:41,730 [INFO] ==================================================
2026-08-09 06:53:29,762 [INFO] ==================================================
2026-08-09 06:53:29,762 [INFO] 合并定投提醒脚本启动 - 20260809
2026-08-09 06:53:29,763 [INFO] ==================================================
2026-08-09 06:53:29,763 [INFO] --- 获取 515450 ETF 数据 ---
2026-08-09 06:53:32,039 [INFO] 515450红利低波50ETF 数据获取成功，共 1566 条记录（第 1 次尝试）
2026-08-09 06:53:32,040 [INFO] 指标计算完成: 当前价格=1.40元, 250日均线=1.42元, 偏离度=-1.87%
2026-08-09 06:53:32,040 [INFO] 515450红利低波50ETF 分析完成: 价格低于均线，可考虑定投
2026-08-09 06:53:32,040 [INFO] --- 获取纳斯达克100指数数据 ---
2026-08-09 06:53:32,282 [INFO] 纳斯达克100指数 数据获取成功，共 3136 条记录（第 1 次尝试）
2026-08-09 06:53:32,284 [INFO] 指标计算完成: 当前价格=29722.30点, 200日均线=26624.49点, 偏离度=+11.64%
2026-08-09 06:53:32,284 [INFO] nasdaq_valuation_fetcher 模块不可用，尝试蛋卷基金API...
2026-08-09 06:53:32,284 [DEBUG] 请求蛋卷API: https://danjuanfunds.com/djapi/index_eva/pe_history/NDX?day=all
2026-08-09 06:53:33,182 [INFO] 蛋卷 NDX PE 获取成功, 513 条记录, 当前值=31.3583
2026-08-09 06:53:33,183 [DEBUG] 请求蛋卷API: https://danjuanfunds.com/djapi/index_eva/pb_history/NDX?day=all
2026-08-09 06:53:34,059 [INFO] 蛋卷 NDX PB 获取成功, 513 条记录, 当前值=9.4854
2026-08-09 06:53:34,060 [INFO] 纳斯达克100指数 分析完成: 价格显著高于均线，考虑减仓
2026-08-09 06:53:34,060 [INFO] 推送消息已构建
2026-08-09 06:53:34,060 [DEBUG] 消息内容:
【Trae】定投偏离度 - 2026-08-07

### 515450红利低波50ETF

- 当前价格：1.4元
- 250日均线：1.42元
- 偏离度：-1.9%
- 状态：价格低于均线，可考虑定投
- 建议：定投买入

> 偏离度≤-6%持有60天胜率100%收益6%，出现日期2022年10-11月、2023年12月-2024年1月、2024年9月，以及最近的 2026年6月底-7月初
---
### 纳斯达克100指数

- 当前价格：29722.3点
- 200日均线：26624.49点
- 偏离度：+11.6%
- 近1年最高：30660.6点
- 回撤幅度：-3.1%
- PE：31.36（近10年 51.27% 百分位）
- PB：9.49（近10年 85.58% 百分位）
- 状态：价格显著高于均线，考虑减仓
- 建议：持有不动

> 回撤：每年都会有15%~20%的回撤，重点关注
> Allin：偏离度<-10% allin，持有2年最少赚+27.6%，持有4年最少+117%
>
> 定投：
>
> +15% → 100元/天
>
> +5% ~ +15% → 150元/天
>
> 0% ~ +5% → 300元/天
>
> -5% ~ 0% → 1500元/天
>
> -10% ~ -5% → 3000元/天
>
> < -10% → 4000元/天 + 梭哈
============================================================
日志备用渠道 - 2026-08-09T14:53:34.060785+08:00
============================================================
[515450ETF] 日期=2026-08-07, 价格=1.4元, 均线=1.42元, 偏离度=-1.87%, 状态=价格低于均线，可考虑定投, 建议=定投买入
[纳斯达克100] 日期=2026-08-07, 价格=29722.3点, 均线=26624.49点, 偏离度=11.64%, 近1年最高=30660.6点, 回撤=-3.06%, PE=31.36(51.27%), PB=9.49(85.58%), 评级=合理, 状态=价格显著高于均线，考虑减仓, 建议=持有不动

2026-08-09 06:53:34,060 [INFO] 日志备用渠道已记录
2026-08-09 06:53:34,060 [WARNING] 数据日期 2026-08-07 非当天 2026-08-09，跳过推送（避免推送过期数据）
2026-08-09 06:53:34,061 [INFO] 状态文件已保存: /home/runner/work/auto-invest-reminder/auto-invest-reminder/logs/combined_20260809_status.json
2026-08-09 06:53:34,061 [INFO] ==================================================
2026-08-09 06:53:34,061 [INFO] 脚本执行完成 - 跳过推送（原因: 数据日期 2026-08-07 非当天 2026-08-09，跳过推送（避免推送过期数据））
2026-08-09 06:53:34,061 [INFO] ==================================================
2026-08-10 02:26:35,754 [INFO] ==================================================
2026-08-10 02:26:35,754 [INFO] 合并定投提醒脚本启动 - 20260810
2026-08-10 02:26:35,754 [INFO] ==================================================
2026-08-10 02:26:35,754 [INFO] --- 获取 515450 ETF 数据 ---
2026-08-10 02:26:37,436 [INFO] 515450红利低波50ETF 数据获取成功，共 1566 条记录（第 1 次尝试）
2026-08-10 02:26:37,437 [INFO] 指标计算完成: 当前价格=1.40元, 250日均线=1.42元, 偏离度=-1.87%
2026-08-10 02:26:37,437 [INFO] 515450红利低波50ETF 分析完成: 价格低于均线，可考虑定投
2026-08-10 02:26:37,437 [INFO] --- 获取纳斯达克100指数数据 ---
2026-08-10 02:26:37,622 [INFO] 纳斯达克100指数 数据获取成功，共 3136 条记录（第 1 次尝试）
2026-08-10 02:26:37,624 [INFO] 指标计算完成: 当前价格=29722.30点, 200日均线=26624.49点, 偏离度=+11.64%
2026-08-10 02:26:37,624 [INFO] nasdaq_valuation_fetcher 模块不可用，尝试蛋卷基金API...
2026-08-10 02:26:37,624 [DEBUG] 请求蛋卷API: https://danjuanfunds.com/djapi/index_eva/pe_history/NDX?day=all
2026-08-10 02:26:38,527 [INFO] 蛋卷 NDX PE 获取成功, 513 条记录, 当前值=31.3583
2026-08-10 02:26:38,528 [DEBUG] 请求蛋卷API: https://danjuanfunds.com/djapi/index_eva/pb_history/NDX?day=all
2026-08-10 02:26:39,490 [INFO] 蛋卷 NDX PB 获取成功, 513 条记录, 当前值=9.4854
2026-08-10 02:26:39,491 [INFO] 纳斯达克100指数 分析完成: 价格显著高于均线，考虑减仓
2026-08-10 02:26:39,492 [INFO] 推送消息已构建
2026-08-10 02:26:39,492 [DEBUG] 消息内容:
【Trae】定投偏离度 - 2026-08-07

### 515450红利低波50ETF

- 当前价格：1.4元
- 250日均线：1.42元
- 偏离度：-1.9%
- 状态：价格低于均线，可考虑定投
- 建议：定投买入

> 偏离度≤-6%持有60天胜率100%收益6%，出现日期2022年10-11月、2023年12月-2024年1月、2024年9月，以及最近的 2026年6月底-7月初
---
### 纳斯达克100指数

- 当前价格：29722.3点
- 200日均线：26624.49点
- 偏离度：+11.6%
- 近1年最高：30660.6点
- 回撤幅度：-3.1%
- PE：31.36（近10年 51.27% 百分位）
- PB：9.49（近10年 85.58% 百分位）
- 状态：价格显著高于均线，考虑减仓
- 建议：持有不动

> 回撤：每年都会有15%~20%的回撤，重点关注
> Allin：偏离度<-10% allin，持有2年最少赚+27.6%，持有4年最少+117%
>
> 定投：
>
> +15% → 100元/天
>
> +5% ~ +15% → 150元/天
>
> 0% ~ +5% → 300元/天
>
> -5% ~ 0% → 1500元/天
>
> -10% ~ -5% → 3000元/天
>
> < -10% → 4000元/天 + 梭哈
============================================================
日志备用渠道 - 2026-08-10T10:26:39.492463+08:00
============================================================
[515450ETF] 日期=2026-08-07, 价格=1.4元, 均线=1.42元, 偏离度=-1.87%, 状态=价格低于均线，可考虑定投, 建议=定投买入
[纳斯达克100] 日期=2026-08-07, 价格=29722.3点, 均线=26624.49点, 偏离度=11.64%, 近1年最高=30660.6点, 回撤=-3.06%, PE=31.36(51.27%), PB=9.49(85.58%), 评级=合理, 状态=价格显著高于均线，考虑减仓, 建议=持有不动

2026-08-10 02:26:39,492 [INFO] 日志备用渠道已记录
2026-08-10 02:26:39,492 [WARNING] 数据日期 2026-08-07 非当天 2026-08-10，跳过推送（避免推送过期数据）
2026-08-10 02:26:39,492 [INFO] 状态文件已保存: /home/runner/work/auto-invest-reminder/auto-invest-reminder/logs/combined_20260810_status.json
2026-08-10 02:26:39,492 [INFO] ==================================================
2026-08-10 02:26:39,492 [INFO] 脚本执行完成 - 跳过推送（原因: 数据日期 2026-08-07 非当天 2026-08-10，跳过推送（避免推送过期数据））
2026-08-10 02:26:39,492 [INFO] ==================================================
2026-08-10 06:40:31,569 [INFO] ==================================================
2026-08-10 06:40:31,569 [INFO] 合并定投提醒脚本启动 - 20260810
2026-08-10 06:40:31,569 [INFO] ==================================================
2026-08-10 06:40:31,569 [INFO] --- 获取 515450 ETF 数据 ---
2026-08-10 06:40:33,072 [INFO] 515450红利低波50ETF 数据获取成功，共 1566 条记录（第 1 次尝试）
2026-08-10 06:40:33,073 [INFO] 指标计算完成: 当前价格=1.40元, 250日均线=1.42元, 偏离度=-1.87%
2026-08-10 06:40:33,073 [INFO] 515450红利低波50ETF 分析完成: 价格低于均线，可考虑定投
2026-08-10 06:40:33,073 [INFO] --- 获取纳斯达克100指数数据 ---
2026-08-10 06:40:33,304 [INFO] 纳斯达克100指数 数据获取成功，共 3136 条记录（第 1 次尝试）
2026-08-10 06:40:33,306 [INFO] 指标计算完成: 当前价格=29722.30点, 200日均线=26624.49点, 偏离度=+11.64%
2026-08-10 06:40:33,306 [INFO] nasdaq_valuation_fetcher 模块不可用，尝试蛋卷基金API...
2026-08-10 06:40:33,307 [DEBUG] 请求蛋卷API: https://danjuanfunds.com/djapi/index_eva/pe_history/NDX?day=all
2026-08-10 06:40:34,059 [INFO] 蛋卷 NDX PE 获取成功, 513 条记录, 当前值=31.3583
2026-08-10 06:40:34,060 [DEBUG] 请求蛋卷API: https://danjuanfunds.com/djapi/index_eva/pb_history/NDX?day=all
2026-08-10 06:40:34,844 [INFO] 蛋卷 NDX PB 获取成功, 513 条记录, 当前值=9.4854
2026-08-10 06:40:34,846 [INFO] 纳斯达克100指数 分析完成: 价格显著高于均线，考虑减仓
2026-08-10 06:40:34,846 [INFO] 推送消息已构建
2026-08-10 06:40:34,846 [DEBUG] 消息内容:
【Trae】定投偏离度 - 2026-08-07

### 515450红利低波50ETF

- 当前价格：1.4元
- 250日均线：1.42元
- 偏离度：-1.9%
- 状态：价格低于均线，可考虑定投
- 建议：定投买入

> 偏离度≤-6%持有60天胜率100%收益6%，出现日期2022年10-11月、2023年12月-2024年1月、2024年9月，以及最近的 2026年6月底-7月初
---
### 纳斯达克100指数

- 当前价格：29722.3点
- 200日均线：26624.49点
- 偏离度：+11.6%
- 近1年最高：30660.6点
- 回撤幅度：-3.1%
- PE：31.36（近10年 51.27% 百分位）
- PB：9.49（近10年 85.58% 百分位）
- 状态：价格显著高于均线，考虑减仓
- 建议：持有不动

> 回撤：每年都会有15%~20%的回撤，重点关注
> Allin：偏离度<-10% allin，持有2年最少赚+27.6%，持有4年最少+117%
>
> 定投：
>
> +15% → 100元/天
>
> +5% ~ +15% → 150元/天
>
> 0% ~ +5% → 300元/天
>
> -5% ~ 0% → 1500元/天
>
> -10% ~ -5% → 3000元/天
>
> < -10% → 4000元/天 + 梭哈
============================================================
日志备用渠道 - 2026-08-10T14:40:34.846613+08:00
============================================================
[515450ETF] 日期=2026-08-07, 价格=1.4元, 均线=1.42元, 偏离度=-1.87%, 状态=价格低于均线，可考虑定投, 建议=定投买入
[纳斯达克100] 日期=2026-08-07, 价格=29722.3点, 均线=26624.49点, 偏离度=11.64%, 近1年最高=30660.6点, 回撤=-3.06%, PE=31.36(51.27%), PB=9.49(85.58%), 评级=合理, 状态=价格显著高于均线，考虑减仓, 建议=持有不动

2026-08-10 06:40:34,846 [INFO] 日志备用渠道已记录
2026-08-10 06:40:34,846 [WARNING] 数据日期 2026-08-07 非当天 2026-08-10，跳过推送（避免推送过期数据）
2026-08-10 06:40:34,847 [INFO] 状态文件已保存: /home/runner/work/auto-invest-reminder/auto-invest-reminder/logs/combined_20260810_status.json
2026-08-10 06:40:34,847 [INFO] ==================================================
2026-08-10 06:40:34,847 [INFO] 脚本执行完成 - 跳过推送（原因: 数据日期 2026-08-07 非当天 2026-08-10，跳过推送（避免推送过期数据））
2026-08-10 06:40:34,847 [INFO] ==================================================
2026-08-11 02:19:54,522 [INFO] ==================================================
2026-08-11 02:19:54,522 [INFO] 合并定投提醒脚本启动 - 20260811
2026-08-11 02:19:54,522 [INFO] ==================================================
2026-08-11 02:19:54,522 [INFO] --- 获取 515450 ETF 数据 ---
2026-08-11 02:19:56,444 [INFO] 515450红利低波50ETF 数据获取成功，共 1567 条记录（第 1 次尝试）
2026-08-11 02:19:56,445 [INFO] 指标计算完成: 当前价格=1.40元, 250日均线=1.42元, 偏离度=-1.23%
2026-08-11 02:19:56,445 [INFO] 515450红利低波50ETF 分析完成: 价格低于均线，可考虑定投
2026-08-11 02:19:56,445 [INFO] --- 获取纳斯达克100指数数据 ---
2026-08-11 02:19:56,748 [INFO] 纳斯达克100指数 数据获取成功，共 3137 条记录（第 1 次尝试）
2026-08-11 02:19:56,750 [INFO] 指标计算完成: 当前价格=29621.80点, 200日均线=26646.96点, 偏离度=+11.16%
2026-08-11 02:19:56,750 [INFO] nasdaq_valuation_fetcher 模块不可用，尝试蛋卷基金API...
2026-08-11 02:19:56,750 [DEBUG] 请求蛋卷API: https://danjuanfunds.com/djapi/index_eva/pe_history/NDX?day=all
2026-08-11 02:19:57,418 [INFO] 蛋卷 NDX PE 获取成功, 513 条记录, 当前值=31.3135
2026-08-11 02:19:57,419 [DEBUG] 请求蛋卷API: https://danjuanfunds.com/djapi/index_eva/pb_history/NDX?day=all
2026-08-11 02:19:58,042 [INFO] 蛋卷 NDX PB 获取成功, 513 条记录, 当前值=9.4696
2026-08-11 02:19:58,043 [INFO] 纳斯达克100指数 分析完成: 价格显著高于均线，考虑减仓
2026-08-11 02:19:58,043 [INFO] 推送消息已构建
2026-08-11 02:19:58,044 [DEBUG] 消息内容:
【Trae】定投偏离度 - 2026-08-10

### 515450红利低波50ETF

- 当前价格：1.4元
- 250日均线：1.42元
- 偏离度：-1.2%
- 状态：价格低于均线，可考虑定投
- 建议：定投买入

> 偏离度≤-6%持有60天胜率100%收益6%，出现日期2022年10-11月、2023年12月-2024年1月、2024年9月，以及最近的 2026年6月底-7月初
---
### 纳斯达克100指数

- 当前价格：29621.8点
- 200日均线：26646.96点
- 偏离度：+11.2%
- 近1年最高：30660.6点
- 回撤幅度：-3.4%
- PE：31.31（近10年 50.88% 百分位）
- PB：9.47（近10年 84.99% 百分位）
- 状态：价格显著高于均线，考虑减仓
- 建议：持有不动

> 回撤：每年都会有15%~20%的回撤，重点关注
> Allin：偏离度<-10% allin，持有2年最少赚+27.6%，持有4年最少+117%
>
> 定投：
>
> +15% → 100元/天
>
> +5% ~ +15% → 150元/天
>
> 0% ~ +5% → 300元/天
>
> -5% ~ 0% → 1500元/天
>
> -10% ~ -5% → 3000元/天
>
> < -10% → 4000元/天 + 梭哈
============================================================
日志备用渠道 - 2026-08-11T10:19:58.044166+08:00
============================================================
[515450ETF] 日期=2026-08-10, 价格=1.4元, 均线=1.42元, 偏离度=-1.23%, 状态=价格低于均线，可考虑定投, 建议=定投买入
[纳斯达克100] 日期=2026-08-10, 价格=29621.8点, 均线=26646.96点, 偏离度=11.16%, 近1年最高=30660.6点, 回撤=-3.39%, PE=31.31(50.88%), PB=9.47(84.99%), 评级=合理, 状态=价格显著高于均线，考虑减仓, 建议=持有不动

2026-08-11 02:19:58,044 [INFO] 日志备用渠道已记录
2026-08-11 02:19:58,044 [WARNING] 数据日期 2026-08-10 非当天 2026-08-11，跳过推送（避免推送过期数据）
2026-08-11 02:19:58,044 [INFO] 状态文件已保存: /home/runner/work/auto-invest-reminder/auto-invest-reminder/logs/combined_20260811_status.json
2026-08-11 02:19:58,044 [INFO] ==================================================
2026-08-11 02:19:58,044 [INFO] 脚本执行完成 - 跳过推送（原因: 数据日期 2026-08-10 非当天 2026-08-11，跳过推送（避免推送过期数据））
2026-08-11 02:19:58,044 [INFO] ==================================================
2026-08-11 04:55:28,004 [INFO] ==================================================
2026-08-11 04:55:28,004 [INFO] 合并定投提醒脚本启动 - 20260811
2026-08-11 04:55:28,004 [INFO] ==================================================
2026-08-11 04:55:28,004 [INFO] --- 获取 515450 ETF 数据 ---
2026-08-11 04:55:30,095 [INFO] 515450红利低波50ETF 数据获取成功，共 1567 条记录（第 1 次尝试）
2026-08-11 04:55:30,096 [INFO] 指标计算完成: 当前价格=1.40元, 250日均线=1.42元, 偏离度=-1.23%
2026-08-11 04:55:30,096 [INFO] 515450红利低波50ETF 分析完成: 价格低于均线，可考虑定投
2026-08-11 04:55:30,096 [INFO] --- 获取纳斯达克100指数数据 ---
2026-08-11 04:55:30,294 [INFO] 纳斯达克100指数 数据获取成功，共 3137 条记录（第 1 次尝试）
2026-08-11 04:55:30,296 [INFO] 指标计算完成: 当前价格=29621.80点, 200日均线=26646.96点, 偏离度=+11.16%
2026-08-11 04:55:30,296 [INFO] nasdaq_valuation_fetcher 模块不可用，尝试蛋卷基金API...
2026-08-11 04:55:30,296 [DEBUG] 请求蛋卷API: https://danjuanfunds.com/djapi/index_eva/pe_history/NDX?day=all
2026-08-11 04:55:31,065 [INFO] 蛋卷 NDX PE 获取成功, 513 条记录, 当前值=31.3135
2026-08-11 04:55:31,066 [DEBUG] 请求蛋卷API: https://danjuanfunds.com/djapi/index_eva/pb_history/NDX?day=all
2026-08-11 04:55:32,014 [INFO] 蛋卷 NDX PB 获取成功, 513 条记录, 当前值=9.4696
2026-08-11 04:55:32,015 [INFO] 纳斯达克100指数 分析完成: 价格显著高于均线，考虑减仓
2026-08-11 04:55:32,015 [INFO] 推送消息已构建
2026-08-11 04:55:32,015 [DEBUG] 消息内容:
【Trae】定投偏离度 - 2026-08-10

### 515450红利低波50ETF

- 当前价格：1.4元
- 250日均线：1.42元
- 偏离度：-1.2%
- 状态：价格低于均线，可考虑定投
- 建议：定投买入

> 偏离度≤-6%持有60天胜率100%收益6%，出现日期2022年10-11月、2023年12月-2024年1月、2024年9月，以及最近的 2026年6月底-7月初
---
### 纳斯达克100指数

- 当前价格：29621.8点
- 200日均线：26646.96点
- 偏离度：+11.2%
- 近1年最高：30660.6点
- 回撤幅度：-3.4%
- PE：31.31（近10年 50.88% 百分位）
- PB：9.47（近10年 84.99% 百分位）
- 状态：价格显著高于均线，考虑减仓
- 建议：持有不动

> 回撤：每年都会有15%~20%的回撤，重点关注
> Allin：偏离度<-10% allin，持有2年最少赚+27.6%，持有4年最少+117%
>
> 定投：
>
> +15% → 100元/天
>
> +5% ~ +15% → 150元/天
>
> 0% ~ +5% → 300元/天
>
> -5% ~ 0% → 1500元/天
>
> -10% ~ -5% → 3000元/天
>
> < -10% → 4000元/天 + 梭哈
============================================================
日志备用渠道 - 2026-08-11T12:55:32.016094+08:00
============================================================
[515450ETF] 日期=2026-08-10, 价格=1.4元, 均线=1.42元, 偏离度=-1.23%, 状态=价格低于均线，可考虑定投, 建议=定投买入
[纳斯达克100] 日期=2026-08-10, 价格=29621.8点, 均线=26646.96点, 偏离度=11.16%, 近1年最高=30660.6点, 回撤=-3.39%, PE=31.31(50.88%), PB=9.47(84.99%), 评级=合理, 状态=价格显著高于均线，考虑减仓, 建议=持有不动

2026-08-11 04:55:32,016 [INFO] 日志备用渠道已记录
2026-08-11 04:55:32,016 [INFO] PushDeer 推送中...（第 1 次尝试）
2026-08-11 04:55:34,695 [INFO] PushDeer 推送成功
2026-08-11 04:55:34,697 [INFO] 状态文件已保存: /home/runner/work/auto-invest-reminder/auto-invest-reminder/logs/combined_20260811_status.json
2026-08-11 04:55:34,697 [INFO] ==================================================
2026-08-11 04:55:34,697 [INFO] 脚本执行完成 - 成功
2026-08-11 04:55:34,697 [INFO] 摘要: ETF: 成功 | 纳斯达克: 成功 | 推送: 成功
2026-08-11 04:55:34,697 [INFO] ==================================================
